agg_code,instance,longitude,latitude,arrondissement,rue_1,rue_2,numeroVoie,direction,periode,volume,vitesseMoyenne
m,det-00077-01,-73.63901615,45.488279,Côte-des-Neiges–Notre-Dame-de-Grâce,Bourret,Décarie inter. Est,1,Ouest,2025-11-01 00:00:00-04:00,1909,16.270298585646934
m,det-00077-01,-73.63901615,45.488279,Côte-des-Neiges–Notre-Dame-de-Grâce,Bourret,Décarie inter. Est,1,Ouest,2025-12-01 00:00:00-05:00,981,15.227319062181447
m,det-00077-01,-73.63901615,45.488279,Côte-des-Neiges–Notre-Dame-de-Grâce,Bourret,Décarie inter. Est,1,Ouest,2026-04-01 00:00:00-04:00,1162,16.35800344234079
m,det-00077-01,-73.63901615,45.488279,Côte-des-Neiges–Notre-Dame-de-Grâce,Bourret,Décarie inter. Est,1,Ouest,2026-05-01 00:00:00-04:00,3155,16.08716323296355
m,det-00077-01,-73.63901615,45.488279,Côte-des-Neiges–Notre-Dame-de-Grâce,Bourret,Décarie inter. Est,2,Est,2025-11-01 00:00:00-04:00,1722,16.40534262485482
m,det-00077-01,-73.63901615,45.488279,Côte-des-Neiges–Notre-Dame-de-Grâce,Bourret,Décarie inter. Est,2,Est,2025-12-01 00:00:00-05:00,958,14.923799582463465
m,det-00077-01,-73.63901615,45.488279,Côte-des-Neiges–Notre-Dame-de-Grâce,Bourret,Décarie inter. Est,2,Est,2026-04-01 00:00:00-04:00,994,15.75251509054326
m,det-00077-01,-73.63901615,45.488279,Côte-des-Neiges–Notre-Dame-de-Grâce,Bourret,Décarie inter. Est,2,Est,2026-05-01 00:00:00-04:00,2624,16.430259146341463
m,det-00118-01,-73.62487067,45.47833835,Côte-des-Neiges–Notre-Dame-de-Grâce,Girouard,Terrebonne,1,Ouest,2025-10-01 00:00:00-04:00,1106,21.95117540687161
m,det-00118-01,-73.62487067,45.47833835,Côte-des-Neiges–Notre-Dame-de-Grâce,Girouard,Terrebonne,1,Ouest,2025-11-01 00:00:00-04:00,2535,19.82248520710059
m,det-00118-01,-73.62487067,45.47833835,Côte-des-Neiges–Notre-Dame-de-Grâce,Girouard,Terrebonne,1,Ouest,2025-12-01 00:00:00-05:00,1007,15.268123138033763
m,det-00118-01,-73.62487067,45.47833835,Côte-des-Neiges–Notre-Dame-de-Grâce,Girouard,Terrebonne,1,Ouest,2026-01-01 00:00:00-05:00,564,14.101063829787234
m,det-00118-01,-73.62487067,45.47833835,Côte-des-Neiges–Notre-Dame-de-Grâce,Girouard,Terrebonne,1,Ouest,2026-02-01 00:00:00-05:00,814,15.968058968058967
m,det-00118-01,-73.62487067,45.47833835,Côte-des-Neiges–Notre-Dame-de-Grâce,Girouard,Terrebonne,1,Ouest,2026-03-01 00:00:00-05:00,765,17.094117647058823
m,det-00118-01,-73.62487067,45.47833835,Côte-des-Neiges–Notre-Dame-de-Grâce,Girouard,Terrebonne,1,Ouest,2026-04-01 00:00:00-04:00,1084,20.90867158671587
m,det-00118-01,-73.62487067,45.47833835,Côte-des-Neiges–Notre-Dame-de-Grâce,Girouard,Terrebonne,1,Ouest,2026-05-01 00:00:00-04:00,3485,22.353802008608323
m,det-00118-02,-73.62487067,45.47833835,Côte-des-Neiges–Notre-Dame-de-Grâce,Girouard,Terrebonne,2,Sud,2025-10-01 00:00:00-04:00,1492,19.27938213566152
m,det-00118-02,-73.62487067,45.47833835,Côte-des-Neiges–Notre-Dame-de-Grâce,Girouard,Terrebonne,2,Sud,2025-11-01 00:00:00-04:00,3012,18.717195325542573
m,det-00118-02,-73.62487067,45.47833835,Côte-des-Neiges–Notre-Dame-de-Grâce,Girouard,Terrebonne,2,Sud,2025-12-01 00:00:00-05:00,580,14.494642857142855
m,det-00118-02,-73.62487067,45.47833835,Côte-des-Neiges–Notre-Dame-de-Grâce,Girouard,Terrebonne,2,Sud,2026-01-01 00:00:00-05:00,298,10.477508650519033
m,det-00118-02,-73.62487067,45.47833835,Côte-des-Neiges–Notre-Dame-de-Grâce,Girouard,Terrebonne,2,Sud,2026-02-01 00:00:00-05:00,356,12.00597014925373
m,det-00118-02,-73.62487067,45.47833835,Côte-des-Neiges–Notre-Dame-de-Grâce,Girouard,Terrebonne,2,Sud,2026-03-01 00:00:00-05:00,705,15.907380607814762
m,det-00118-02,-73.62487067,45.47833835,Côte-des-Neiges–Notre-Dame-de-Grâce,Girouard,Terrebonne,2,Sud,2026-04-01 00:00:00-04:00,1681,18.53001200480192
m,det-00118-02,-73.62487067,45.47833835,Côte-des-Neiges–Notre-Dame-de-Grâce,Girouard,Terrebonne,2,Sud,2026-05-01 00:00:00-04:00,6138,18.374528147054
m,det-00118-02,-73.62487067,45.47833835,Côte-des-Neiges–Notre-Dame-de-Grâce,Girouard,Terrebonne,3,Nord,2025-10-01 00:00:00-04:00,221,17.833333333333332
m,det-00118-02,-73.62487067,45.47833835,Côte-des-Neiges–Notre-Dame-de-Grâce,Girouard,Terrebonne,3,Nord,2025-11-01 00:00:00-04:00,2887,17.856332032635688
m,det-00118-02,-73.62487067,45.47833835,Côte-des-Neiges–Notre-Dame-de-Grâce,Girouard,Terrebonne,3,Nord,2025-12-01 00:00:00-05:00,806,13.96124031007752
m,det-00118-02,-73.62487067,45.47833835,Côte-des-Neiges–Notre-Dame-de-Grâce,Girouard,Terrebonne,3,Nord,2026-01-01 00:00:00-05:00,393,13.662983425414364
m,det-00118-02,-73.62487067,45.47833835,Côte-des-Neiges–Notre-Dame-de-Grâce,Girouard,Terrebonne,3,Nord,2026-02-01 00:00:00-05:00,658,12.943910256410255
m,det-00118-02,-73.62487067,45.47833835,Côte-des-Neiges–Notre-Dame-de-Grâce,Girouard,Terrebonne,3,Nord,2026-03-01 00:00:00-05:00,683,15.536434108527132
m,det-00118-02,-73.62487067,45.47833835,Côte-des-Neiges–Notre-Dame-de-Grâce,Girouard,Terrebonne,3,Nord,2026-04-01 00:00:00-04:00,1551,19.51164337990685
m,det-00118-02,-73.62487067,45.47833835,Côte-des-Neiges–Notre-Dame-de-Grâce,Girouard,Terrebonne,3,Nord,2026-05-01 00:00:00-04:00,5552,19.766715381804897
m,det-00257-02,-73.572125,45.489232,Le Sud-Ouest,Saint-Jacques,Seigneurs,4,Est,2025-06-01 00:00:00-04:00,1209,
m,det-00257-02,-73.572125,45.489232,Le Sud-Ouest,Saint-Jacques,Seigneurs,4,Est,2025-07-01 00:00:00-04:00,1706,
m,det-00257-02,-73.572125,45.489232,Le Sud-Ouest,Saint-Jacques,Seigneurs,4,Est,2025-08-01 00:00:00-04:00,2385,
m,det-00257-02,-73.572125,45.489232,Le Sud-Ouest,Saint-Jacques,Seigneurs,4,Est,2025-09-01 00:00:00-04:00,1409,
m,det-00257-02,-73.572125,45.489232,Le Sud-Ouest,Saint-Jacques,Seigneurs,4,Est,2025-10-01 00:00:00-04:00,1372,
m,det-00257-02,-73.572125,45.489232,Le Sud-Ouest,Saint-Jacques,Seigneurs,4,Est,2025-11-01 00:00:00-04:00,1101,
m,det-00257-02,-73.572125,45.489232,Le Sud-Ouest,Saint-Jacques,Seigneurs,4,Est,2025-12-01 00:00:00-05:00,662,
m,det-00257-02,-73.572125,45.489232,Le Sud-Ouest,Saint-Jacques,Seigneurs,4,Est,2026-01-01 00:00:00-05:00,430,
m,det-00257-02,-73.572125,45.489232,Le Sud-Ouest,Saint-Jacques,Seigneurs,4,Est,2026-02-01 00:00:00-05:00,630,
m,det-00257-02,-73.572125,45.489232,Le Sud-Ouest,Saint-Jacques,Seigneurs,4,Est,2026-03-01 00:00:00-05:00,577,
m,det-00257-02,-73.572125,45.489232,Le Sud-Ouest,Saint-Jacques,Seigneurs,4,Est,2026-04-01 00:00:00-04:00,830,
m,det-00257-02,-73.572125,45.489232,Le Sud-Ouest,Saint-Jacques,Seigneurs,4,Est,2026-05-01 00:00:00-04:00,2501,
m,det-00268-02,-73.61126282,45.62989831,Rivière-des-Prairies–Pointe-aux-Trembles,Louis-Hippolyte-La-Fontaine,Perras Inter. Est,1,Est,2025-12-01 00:00:00-05:00,44,6.045454545454546
m,det-00268-03,-73.61126282,45.62989831,Rivière-des-Prairies–Pointe-aux-Trembles,Louis-Hippolyte-La-Fontaine,Perras Inter. Est,1,Ouest,2025-12-01 00:00:00-05:00,1165,3.735042735042735
m,det-00268-03,-73.61126282,45.62989831,Rivière-des-Prairies–Pointe-aux-Trembles,Louis-Hippolyte-La-Fontaine,Perras Inter. Est,1,Ouest,2026-01-01 00:00:00-05:00,1490,3.5187557182067706
m,det-00268-03,-73.61126282,45.62989831,Rivière-des-Prairies–Pointe-aux-Trembles,Louis-Hippolyte-La-Fontaine,Perras Inter. Est,1,Ouest,2026-02-01 00:00:00-05:00,556,3.9973753280839897
m,det-00268-03,-73.61126282,45.62989831,Rivière-des-Prairies–Pointe-aux-Trembles,Louis-Hippolyte-La-Fontaine,Perras Inter. Est,1,Ouest,2026-03-01 00:00:00-05:00,28,7.392857142857143
m,det-00268-03,-73.61126282,45.62989831,Rivière-des-Prairies–Pointe-aux-Trembles,Louis-Hippolyte-La-Fontaine,Perras Inter. Est,1,Ouest,2026-04-01 00:00:00-04:00,30,6.8
m,det-00268-03,-73.61126282,45.62989831,Rivière-des-Prairies–Pointe-aux-Trembles,Louis-Hippolyte-La-Fontaine,Perras Inter. Est,1,Ouest,2026-05-01 00:00:00-04:00,51,7.431372549019608
m,det-00335-01,-73.564849,45.510961,Ville-Marie,Maisonneuve,Saint-Laurent,1,Est,2026-05-01 00:00:00-04:00,9580,14.862511744440964
m,det-00335-01,-73.564849,45.510961,Ville-Marie,Maisonneuve,Saint-Laurent,2,Ouest,2026-05-01 00:00:00-04:00,5975,12.437154811715482
m,det-00336-01,-73.581329,45.493845,Ville-Marie,Maisonneuve,Saint-Marc,4,Ouest,2025-06-01 00:00:00-04:00,31892,
m,det-00336-01,-73.581329,45.493845,Ville-Marie,Maisonneuve,Saint-Marc,4,Ouest,2025-07-01 00:00:00-04:00,36830,
m,det-00336-01,-73.581329,45.493845,Ville-Marie,Maisonneuve,Saint-Marc,4,Ouest,2025-08-01 00:00:00-04:00,54678,
m,det-00336-01,-73.581329,45.493845,Ville-Marie,Maisonneuve,Saint-Marc,4,Ouest,2025-09-01 00:00:00-04:00,56981,
m,det-00336-01,-73.581329,45.493845,Ville-Marie,Maisonneuve,Saint-Marc,4,Ouest,2025-10-01 00:00:00-04:00,32826,
m,det-00336-01,-73.581329,45.493845,Ville-Marie,Maisonneuve,Saint-Marc,4,Ouest,2025-11-01 00:00:00-04:00,5726,
m,det-00336-01,-73.581329,45.493845,Ville-Marie,Maisonneuve,Saint-Marc,4,Ouest,2025-12-01 00:00:00-05:00,1734,
m,det-00336-01,-73.581329,45.493845,Ville-Marie,Maisonneuve,Saint-Marc,4,Ouest,2026-01-01 00:00:00-05:00,1099,
m,det-00336-01,-73.581329,45.493845,Ville-Marie,Maisonneuve,Saint-Marc,4,Ouest,2026-02-01 00:00:00-05:00,1505,
m,det-00336-01,-73.581329,45.493845,Ville-Marie,Maisonneuve,Saint-Marc,4,Ouest,2026-03-01 00:00:00-05:00,3173,
m,det-00336-01,-73.581329,45.493845,Ville-Marie,Maisonneuve,Saint-Marc,4,Ouest,2026-04-01 00:00:00-04:00,6181,
m,det-00336-01,-73.581329,45.493845,Ville-Marie,Maisonneuve,Saint-Marc,4,Ouest,2026-05-01 00:00:00-04:00,26538,
m,det-00336-01,-73.581329,45.493845,Ville-Marie,Maisonneuve,Saint-Marc,5,Est,2025-06-01 00:00:00-04:00,18967,
m,det-00336-01,-73.581329,45.493845,Ville-Marie,Maisonneuve,Saint-Marc,5,Est,2025-07-01 00:00:00-04:00,20646,
m,det-00336-01,-73.581329,45.493845,Ville-Marie,Maisonneuve,Saint-Marc,5,Est,2025-08-01 00:00:00-04:00,35541,
m,det-00336-01,-73.581329,45.493845,Ville-Marie,Maisonneuve,Saint-Marc,5,Est,2025-09-01 00:00:00-04:00,33312,
m,det-00336-01,-73.581329,45.493845,Ville-Marie,Maisonneuve,Saint-Marc,5,Est,2025-10-01 00:00:00-04:00,18571,
m,det-00336-01,-73.581329,45.493845,Ville-Marie,Maisonneuve,Saint-Marc,5,Est,2025-11-01 00:00:00-04:00,2663,
m,det-00336-01,-73.581329,45.493845,Ville-Marie,Maisonneuve,Saint-Marc,5,Est,2025-12-01 00:00:00-05:00,1329,
m,det-00336-01,-73.581329,45.493845,Ville-Marie,Maisonneuve,Saint-Marc,5,Est,2026-01-01 00:00:00-05:00,931,
m,det-00336-01,-73.581329,45.493845,Ville-Marie,Maisonneuve,Saint-Marc,5,Est,2026-02-01 00:00:00-05:00,1323,
m,det-00336-01,-73.581329,45.493845,Ville-Marie,Maisonneuve,Saint-Marc,5,Est,2026-03-01 00:00:00-05:00,1924,
m,det-00336-01,-73.581329,45.493845,Ville-Marie,Maisonneuve,Saint-Marc,5,Est,2026-04-01 00:00:00-04:00,3949,
m,det-00336-01,-73.581329,45.493845,Ville-Marie,Maisonneuve,Saint-Marc,5,Est,2026-05-01 00:00:00-04:00,15825,
m,det-00385-01,-73.56921,45.498135,Ville-Marie,Canadiens-de-Montréal,Peel,2,Nord,2025-06-01 00:00:00-04:00,28542,7.848468922990681
m,det-00385-01,-73.56921,45.498135,Ville-Marie,Canadiens-de-Montréal,Peel,2,Nord,2025-07-01 00:00:00-04:00,34594,7.519991904940877
m,det-00385-01,-73.56921,45.498135,Ville-Marie,Canadiens-de-Montréal,Peel,2,Nord,2025-08-01 00:00:00-04:00,42630,7.947071675241384
m,det-00385-01,-73.56921,45.498135,Ville-Marie,Canadiens-de-Montréal,Peel,2,Nord,2025-09-01 00:00:00-04:00,46706,8.837799414096157
m,det-00385-01,-73.56921,45.498135,Ville-Marie,Canadiens-de-Montréal,Peel,2,Nord,2025-10-01 00:00:00-04:00,25791,14.82148979273804
m,det-00385-01,-73.56921,45.498135,Ville-Marie,Canadiens-de-Montréal,Peel,2,Nord,2025-11-01 00:00:00-04:00,11812,18.312616584704088
m,det-00385-01,-73.56921,45.498135,Ville-Marie,Canadiens-de-Montréal,Peel,2,Nord,2025-12-01 00:00:00-05:00,3717,14.483966585825923
m,det-00385-01,-73.56921,45.498135,Ville-Marie,Canadiens-de-Montréal,Peel,2,Nord,2026-01-01 00:00:00-05:00,2459,13.593966571545048
m,det-00385-01,-73.56921,45.498135,Ville-Marie,Canadiens-de-Montréal,Peel,2,Nord,2026-02-01 00:00:00-05:00,3616,13.934903047091412
m,det-00385-01,-73.56921,45.498135,Ville-Marie,Canadiens-de-Montréal,Peel,2,Nord,2026-03-01 00:00:00-05:00,3367,14.607919023518903
m,det-00385-01,-73.56921,45.498135,Ville-Marie,Canadiens-de-Montréal,Peel,2,Nord,2026-04-01 00:00:00-04:00,5626,15.743859024563902
m,det-00385-01,-73.56921,45.498135,Ville-Marie,Canadiens-de-Montréal,Peel,2,Nord,2026-05-01 00:00:00-04:00,20927,14.233571394334469
m,det-00385-01,-73.56921,45.498135,Ville-Marie,Canadiens-de-Montréal,Peel,3,Sud,2025-06-01 00:00:00-04:00,23302,4.622677138320244
m,det-00385-01,-73.56921,45.498135,Ville-Marie,Canadiens-de-Montréal,Peel,3,Sud,2025-07-01 00:00:00-04:00,15110,5.61521149136162
m,det-00385-01,-73.56921,45.498135,Ville-Marie,Canadiens-de-Montréal,Peel,3,Sud,2025-08-01 00:00:00-04:00,26829,5.848767737117251
m,det-00385-01,-73.56921,45.498135,Ville-Marie,Canadiens-de-Montréal,Peel,3,Sud,2025-09-01 00:00:00-04:00,29150,8.173169889502763
m,det-00385-01,-73.56921,45.498135,Ville-Marie,Canadiens-de-Montréal,Peel,3,Sud,2025-10-01 00:00:00-04:00,18448,17.99373979314099
m,det-00385-01,-73.56921,45.498135,Ville-Marie,Canadiens-de-Montréal,Peel,3,Sud,2025-11-01 00:00:00-04:00,7812,18.27144324601952
m,det-00385-01,-73.56921,45.498135,Ville-Marie,Canadiens-de-Montréal,Peel,3,Sud,2025-12-01 00:00:00-05:00,2438,12.628453608247424
m,det-00385-01,-73.56921,45.498135,Ville-Marie,Canadiens-de-Montréal,Peel,3,Sud,2026-01-01 00:00:00-05:00,1642,11.491120636864666
m,det-00385-01,-73.56921,45.498135,Ville-Marie,Canadiens-de-Montréal,Peel,3,Sud,2026-02-01 00:00:00-05:00,2327,12.18776916451335
m,det-00385-01,-73.56921,45.498135,Ville-Marie,Canadiens-de-Montréal,Peel,3,Sud,2026-03-01 00:00:00-05:00,2489,11.832793522267206
m,det-00385-01,-73.56921,45.498135,Ville-Marie,Canadiens-de-Montréal,Peel,3,Sud,2026-04-01 00:00:00-04:00,4253,14.304090801607945
m,det-00385-01,-73.56921,45.498135,Ville-Marie,Canadiens-de-Montréal,Peel,3,Sud,2026-05-01 00:00:00-04:00,16487,12.563042150274892
m,det-00399-01,-73.56298671,45.49541721,Le Sud-Ouest,Notre-Dame,Peel,2,Sud,2025-10-01 00:00:00-04:00,833,19.07563025210084
m,det-00399-01,-73.56298671,45.49541721,Le Sud-Ouest,Notre-Dame,Peel,2,Sud,2025-11-01 00:00:00-04:00,12059,20.822456256737706
m,det-00399-01,-73.56298671,45.49541721,Le Sud-Ouest,Notre-Dame,Peel,2,Sud,2025-12-01 00:00:00-05:00,3042,19.31097961867193
m,det-00399-01,-73.56298671,45.49541721,Le Sud-Ouest,Notre-Dame,Peel,2,Sud,2026-01-01 00:00:00-05:00,1787,18.040850587576944
m,det-00399-01,-73.56298671,45.49541721,Le Sud-Ouest,Notre-Dame,Peel,2,Sud,2026-02-01 00:00:00-05:00,2614,18.970160673297627
m,det-00399-01,-73.56298671,45.49541721,Le Sud-Ouest,Notre-Dame,Peel,2,Sud,2026-03-01 00:00:00-05:00,2581,20.194110809763657
m,det-00399-01,-73.56298671,45.49541721,Le Sud-Ouest,Notre-Dame,Peel,2,Sud,2026-04-01 00:00:00-04:00,5401,19.986669135345306
m,det-00399-01,-73.56298671,45.49541721,Le Sud-Ouest,Notre-Dame,Peel,2,Sud,2026-05-01 00:00:00-04:00,20527,20.467092122570275
m,det-00399-02,-73.56298671,45.49541721,Le Sud-Ouest,Notre-Dame,Peel,2,Nord,2025-10-01 00:00:00-04:00,741,19.37972972972973
m,det-00399-02,-73.56298671,45.49541721,Le Sud-Ouest,Notre-Dame,Peel,2,Nord,2025-11-01 00:00:00-04:00,10145,19.39054480852744
m,det-00399-02,-73.56298671,45.49541721,Le Sud-Ouest,Notre-Dame,Peel,2,Nord,2025-12-01 00:00:00-05:00,2464,17.31814483319772
m,det-00399-02,-73.56298671,45.49541721,Le Sud-Ouest,Notre-Dame,Peel,2,Nord,2026-01-01 00:00:00-05:00,1622,16.761875385564466
m,det-00399-02,-73.56298671,45.49541721,Le Sud-Ouest,Notre-Dame,Peel,2,Nord,2026-02-01 00:00:00-05:00,2494,16.733038940184663
m,det-00399-02,-73.56298671,45.49541721,Le Sud-Ouest,Notre-Dame,Peel,2,Nord,2026-03-01 00:00:00-05:00,2413,17.795119899032393
m,det-00399-02,-73.56298671,45.49541721,Le Sud-Ouest,Notre-Dame,Peel,2,Nord,2026-04-01 00:00:00-04:00,3737,18.012325830653804
m,det-00399-02,-73.56298671,45.49541721,Le Sud-Ouest,Notre-Dame,Peel,2,Nord,2026-05-01 00:00:00-04:00,16710,18.91430454845089
m,det-00401-01,-73.558916,45.493823,Le Sud-Ouest,Ottawa,Peel,3,Nord,2025-06-01 00:00:00-04:00,9317,
m,det-00401-01,-73.558916,45.493823,Le Sud-Ouest,Ottawa,Peel,3,Nord,2025-07-01 00:00:00-04:00,10472,
m,det-00401-01,-73.558916,45.493823,Le Sud-Ouest,Ottawa,Peel,3,Nord,2025-08-01 00:00:00-04:00,15984,
m,det-00401-01,-73.558916,45.493823,Le Sud-Ouest,Ottawa,Peel,3,Nord,2025-09-01 00:00:00-04:00,21118,
m,det-00401-01,-73.558916,45.493823,Le Sud-Ouest,Ottawa,Peel,3,Nord,2025-10-01 00:00:00-04:00,14945,
m,det-00401-01,-73.558916,45.493823,Le Sud-Ouest,Ottawa,Peel,3,Nord,2025-11-01 00:00:00-04:00,6451,
m,det-00401-01,-73.558916,45.493823,Le Sud-Ouest,Ottawa,Peel,3,Nord,2025-12-01 00:00:00-05:00,2593,
m,det-00401-01,-73.558916,45.493823,Le Sud-Ouest,Ottawa,Peel,3,Nord,2026-01-01 00:00:00-05:00,1333,
m,det-00401-01,-73.558916,45.493823,Le Sud-Ouest,Ottawa,Peel,3,Nord,2026-02-01 00:00:00-05:00,1961,
m,det-00401-01,-73.558916,45.493823,Le Sud-Ouest,Ottawa,Peel,3,Nord,2026-03-01 00:00:00-05:00,1973,
m,det-00401-01,-73.558916,45.493823,Le Sud-Ouest,Ottawa,Peel,3,Nord,2026-04-01 00:00:00-04:00,3200,
m,det-00401-01,-73.558916,45.493823,Le Sud-Ouest,Ottawa,Peel,3,Nord,2026-05-01 00:00:00-04:00,11258,
m,det-00401-02,-73.558396,45.493701,Le Sud-Ouest,Ottawa,Peel,2,Sud,2025-06-01 00:00:00-04:00,18874,
m,det-00401-02,-73.558396,45.493701,Le Sud-Ouest,Ottawa,Peel,2,Sud,2025-07-01 00:00:00-04:00,23655,
m,det-00401-02,-73.558396,45.493701,Le Sud-Ouest,Ottawa,Peel,2,Sud,2025-08-01 00:00:00-04:00,29803,
m,det-00401-02,-73.558396,45.493701,Le Sud-Ouest,Ottawa,Peel,2,Sud,2025-09-01 00:00:00-04:00,31117,
m,det-00401-02,-73.558396,45.493701,Le Sud-Ouest,Ottawa,Peel,2,Sud,2025-10-01 00:00:00-04:00,20914,
m,det-00401-02,-73.558396,45.493701,Le Sud-Ouest,Ottawa,Peel,2,Sud,2025-11-01 00:00:00-04:00,7791,
m,det-00401-02,-73.558396,45.493701,Le Sud-Ouest,Ottawa,Peel,2,Sud,2025-12-01 00:00:00-05:00,2449,
m,det-00401-02,-73.558396,45.493701,Le Sud-Ouest,Ottawa,Peel,2,Sud,2026-01-01 00:00:00-05:00,1380,
m,det-00401-02,-73.558396,45.493701,Le Sud-Ouest,Ottawa,Peel,2,Sud,2026-02-01 00:00:00-05:00,1903,
m,det-00401-02,-73.558396,45.493701,Le Sud-Ouest,Ottawa,Peel,2,Sud,2026-03-01 00:00:00-05:00,2054,
m,det-00401-02,-73.558396,45.493701,Le Sud-Ouest,Ottawa,Peel,2,Sud,2026-04-01 00:00:00-04:00,4838,
m,det-00401-02,-73.558396,45.493701,Le Sud-Ouest,Ottawa,Peel,2,Sud,2026-05-01 00:00:00-04:00,16909,
m,det-00402-01,-73.565945,45.496564,Ville-Marie,Peel,Saint-Antoine,2,Nord,2025-06-01 00:00:00-04:00,19389,14.916215240158902
m,det-00402-01,-73.565945,45.496564,Ville-Marie,Peel,Saint-Antoine,2,Nord,2025-07-01 00:00:00-04:00,24957,14.717600384707865
m,det-00402-01,-73.565945,45.496564,Ville-Marie,Peel,Saint-Antoine,2,Nord,2025-08-01 00:00:00-04:00,25686,14.75675780945704
m,det-00402-01,-73.565945,45.496564,Ville-Marie,Peel,Saint-Antoine,2,Nord,2025-09-01 00:00:00-04:00,31203,15.19458973783012
m,det-00402-01,-73.565945,45.496564,Ville-Marie,Peel,Saint-Antoine,2,Nord,2025-10-01 00:00:00-04:00,27639,12.612338156892612
m,det-00402-01,-73.565945,45.496564,Ville-Marie,Peel,Saint-Antoine,2,Nord,2025-11-01 00:00:00-04:00,8545,12.17281484962406
m,det-00402-01,-73.565945,45.496564,Ville-Marie,Peel,Saint-Antoine,2,Nord,2026-04-01 00:00:00-04:00,107,11.77570093457944
m,det-00402-01,-73.565945,45.496564,Ville-Marie,Peel,Saint-Antoine,2,Nord,2026-05-01 00:00:00-04:00,22025,11.733739929907603
m,det-00402-02,-73.566559,45.496712,Ville-Marie,Peel,Saint-Antoine,2,Sud,2025-06-01 00:00:00-04:00,26571,20.804471376416124
m,det-00402-02,-73.566559,45.496712,Ville-Marie,Peel,Saint-Antoine,2,Sud,2025-07-01 00:00:00-04:00,33379,20.653442799784266
m,det-00402-02,-73.566559,45.496712,Ville-Marie,Peel,Saint-Antoine,2,Sud,2025-08-01 00:00:00-04:00,43331,20.810574415545453
m,det-00402-02,-73.566559,45.496712,Ville-Marie,Peel,Saint-Antoine,2,Sud,2025-09-01 00:00:00-04:00,45304,20.54723644711284
m,det-00402-02,-73.566559,45.496712,Ville-Marie,Peel,Saint-Antoine,2,Sud,2025-10-01 00:00:00-04:00,32911,16.900094193430768
m,det-00402-02,-73.566559,45.496712,Ville-Marie,Peel,Saint-Antoine,2,Sud,2025-11-01 00:00:00-04:00,13596,16.63047955280965
m,det-00402-02,-73.566559,45.496712,Ville-Marie,Peel,Saint-Antoine,2,Sud,2025-12-01 00:00:00-05:00,3201,15.870977819431427
m,det-00402-02,-73.566559,45.496712,Ville-Marie,Peel,Saint-Antoine,2,Sud,2026-01-01 00:00:00-05:00,1935,15.415201654601862
m,det-00402-02,-73.566559,45.496712,Ville-Marie,Peel,Saint-Antoine,2,Sud,2026-02-01 00:00:00-05:00,2944,15.690217391304348
m,det-00402-02,-73.566559,45.496712,Ville-Marie,Peel,Saint-Antoine,2,Sud,2026-03-01 00:00:00-05:00,2948,16.09158751696065
m,det-00402-02,-73.566559,45.496712,Ville-Marie,Peel,Saint-Antoine,2,Sud,2026-04-01 00:00:00-04:00,6634,16.404341926729987
m,det-00402-02,-73.566559,45.496712,Ville-Marie,Peel,Saint-Antoine,2,Sud,2026-05-01 00:00:00-04:00,25685,16.83500097333074
m,det-00421-01,-73.57081,45.499119,Ville-Marie,Peel,René-Lévesque,2,Sud,2025-06-01 00:00:00-04:00,14049,26.638479607089472
m,det-00421-01,-73.57081,45.499119,Ville-Marie,Peel,René-Lévesque,2,Sud,2025-07-01 00:00:00-04:00,15188,31.58182416858742
m,det-00421-01,-73.57081,45.499119,Ville-Marie,Peel,René-Lévesque,2,Sud,2025-08-01 00:00:00-04:00,14848,33.14715786637931
m,det-00421-01,-73.57081,45.499119,Ville-Marie,Peel,René-Lévesque,2,Sud,2025-09-01 00:00:00-04:00,20803,34.1704081142143
m,det-00421-01,-73.57081,45.499119,Ville-Marie,Peel,René-Lévesque,2,Sud,2025-10-01 00:00:00-04:00,15900,20.37006289308176
m,det-00421-01,-73.57081,45.499119,Ville-Marie,Peel,René-Lévesque,2,Sud,2025-11-01 00:00:00-04:00,6900,20.94710144927536
m,det-00421-01,-73.57081,45.499119,Ville-Marie,Peel,René-Lévesque,2,Sud,2025-12-01 00:00:00-05:00,1972,19.17292089249493
m,det-00421-01,-73.57081,45.499119,Ville-Marie,Peel,René-Lévesque,2,Sud,2026-01-01 00:00:00-05:00,1437,17.55045233124565
m,det-00421-01,-73.57081,45.499119,Ville-Marie,Peel,René-Lévesque,2,Sud,2026-02-01 00:00:00-05:00,2079,17.85810485810486
m,det-00421-01,-73.57081,45.499119,Ville-Marie,Peel,René-Lévesque,2,Sud,2026-03-01 00:00:00-05:00,1959,17.718734047983666
m,det-00421-01,-73.57081,45.499119,Ville-Marie,Peel,René-Lévesque,2,Sud,2026-04-01 00:00:00-04:00,3527,19.04763254890842
m,det-00421-01,-73.57081,45.499119,Ville-Marie,Peel,René-Lévesque,2,Sud,2026-05-01 00:00:00-04:00,11500,18.75713043478261
m,det-00421-01,-73.57081,45.499119,Ville-Marie,Peel,René-Lévesque,3,Nord,2025-06-01 00:00:00-04:00,15253,26.87241854061496
m,det-00421-01,-73.57081,45.499119,Ville-Marie,Peel,René-Lévesque,3,Nord,2025-07-01 00:00:00-04:00,19931,26.434721525338684
m,det-00421-01,-73.57081,45.499119,Ville-Marie,Peel,René-Lévesque,3,Nord,2025-08-01 00:00:00-04:00,18600,26.696935483870966
m,det-00421-01,-73.57081,45.499119,Ville-Marie,Peel,René-Lévesque,3,Nord,2025-09-01 00:00:00-04:00,26452,26.55466505368214
m,det-00421-01,-73.57081,45.499119,Ville-Marie,Peel,René-Lévesque,3,Nord,2025-10-01 00:00:00-04:00,16265,25.65336612357824
m,det-00421-01,-73.57081,45.499119,Ville-Marie,Peel,René-Lévesque,3,Nord,2025-11-01 00:00:00-04:00,7529,23.82667020852703
m,det-00421-01,-73.57081,45.499119,Ville-Marie,Peel,René-Lévesque,3,Nord,2025-12-01 00:00:00-05:00,2903,19.682053048570445
m,det-00421-01,-73.57081,45.499119,Ville-Marie,Peel,René-Lévesque,3,Nord,2026-01-01 00:00:00-05:00,1900,18.807894736842105
m,det-00421-01,-73.57081,45.499119,Ville-Marie,Peel,René-Lévesque,3,Nord,2026-02-01 00:00:00-05:00,2923,19.90797126240164
m,det-00421-01,-73.57081,45.499119,Ville-Marie,Peel,René-Lévesque,3,Nord,2026-03-01 00:00:00-05:00,2461,22.06501422186103
m,det-00421-01,-73.57081,45.499119,Ville-Marie,Peel,René-Lévesque,3,Nord,2026-04-01 00:00:00-04:00,3802,26.636674559326494
m,det-00421-01,-73.57081,45.499119,Ville-Marie,Peel,René-Lévesque,3,Nord,2026-05-01 00:00:00-04:00,11053,26.645855953673543
m,det-00467-01,-73.560055,45.506221,Ville-Marie,Saint-Urbain,Viger,4,Ouest,2025-06-01 00:00:00-04:00,26480,
m,det-00467-01,-73.560055,45.506221,Ville-Marie,Saint-Urbain,Viger,4,Ouest,2025-07-01 00:00:00-04:00,34314,
m,det-00467-01,-73.560055,45.506221,Ville-Marie,Saint-Urbain,Viger,4,Ouest,2025-08-01 00:00:00-04:00,43651,
m,det-00467-01,-73.560055,45.506221,Ville-Marie,Saint-Urbain,Viger,4,Ouest,2025-09-01 00:00:00-04:00,41226,
m,det-00467-01,-73.560055,45.506221,Ville-Marie,Saint-Urbain,Viger,4,Ouest,2025-10-01 00:00:00-04:00,29057,
m,det-00467-01,-73.560055,45.506221,Ville-Marie,Saint-Urbain,Viger,4,Ouest,2025-11-01 00:00:00-04:00,14314,
m,det-00467-01,-73.560055,45.506221,Ville-Marie,Saint-Urbain,Viger,4,Ouest,2025-12-01 00:00:00-05:00,4093,
m,det-00467-01,-73.560055,45.506221,Ville-Marie,Saint-Urbain,Viger,4,Ouest,2026-01-01 00:00:00-05:00,2890,
m,det-00467-01,-73.560055,45.506221,Ville-Marie,Saint-Urbain,Viger,4,Ouest,2026-02-01 00:00:00-05:00,3995,
m,det-00467-01,-73.560055,45.506221,Ville-Marie,Saint-Urbain,Viger,4,Ouest,2026-03-01 00:00:00-05:00,3568,
m,det-00467-01,-73.560055,45.506221,Ville-Marie,Saint-Urbain,Viger,4,Ouest,2026-04-01 00:00:00-04:00,5011,
m,det-00467-01,-73.560055,45.506221,Ville-Marie,Saint-Urbain,Viger,4,Ouest,2026-05-01 00:00:00-04:00,19522,
m,det-00467-01,-73.560055,45.506221,Ville-Marie,Saint-Urbain,Viger,5,Est,2025-06-01 00:00:00-04:00,1606,
m,det-00467-01,-73.560055,45.506221,Ville-Marie,Saint-Urbain,Viger,5,Est,2025-07-01 00:00:00-04:00,2069,
m,det-00467-01,-73.560055,45.506221,Ville-Marie,Saint-Urbain,Viger,5,Est,2025-08-01 00:00:00-04:00,2477,
m,det-00467-01,-73.560055,45.506221,Ville-Marie,Saint-Urbain,Viger,5,Est,2025-09-01 00:00:00-04:00,1857,
m,det-00467-01,-73.560055,45.506221,Ville-Marie,Saint-Urbain,Viger,5,Est,2025-10-01 00:00:00-04:00,1540,
m,det-00467-01,-73.560055,45.506221,Ville-Marie,Saint-Urbain,Viger,5,Est,2025-11-01 00:00:00-04:00,1156,
m,det-00467-01,-73.560055,45.506221,Ville-Marie,Saint-Urbain,Viger,5,Est,2025-12-01 00:00:00-05:00,873,
m,det-00467-01,-73.560055,45.506221,Ville-Marie,Saint-Urbain,Viger,5,Est,2026-01-01 00:00:00-05:00,752,
m,det-00467-01,-73.560055,45.506221,Ville-Marie,Saint-Urbain,Viger,5,Est,2026-02-01 00:00:00-05:00,907,
m,det-00467-01,-73.560055,45.506221,Ville-Marie,Saint-Urbain,Viger,5,Est,2026-03-01 00:00:00-05:00,687,
m,det-00467-01,-73.560055,45.506221,Ville-Marie,Saint-Urbain,Viger,5,Est,2026-04-01 00:00:00-04:00,309,
m,det-00467-01,-73.560055,45.506221,Ville-Marie,Saint-Urbain,Viger,5,Est,2026-05-01 00:00:00-04:00,939,
m,det-00523-01,-73.590263,45.51577934,Ville-Marie,Côte-Sainte-Catherine,Mont-Royal,1,Ouest,2025-11-01 00:00:00-04:00,18,10.38888888888889
m,det-00523-01,-73.590263,45.51577934,Ville-Marie,Côte-Sainte-Catherine,Mont-Royal,1,Ouest,2025-12-01 00:00:00-05:00,14,9.714285714285714
m,det-00523-01,-73.590263,45.51577934,Ville-Marie,Côte-Sainte-Catherine,Mont-Royal,1,Ouest,2026-01-01 00:00:00-05:00,13,9.461538461538462
m,det-00523-01,-73.590263,45.51577934,Ville-Marie,Côte-Sainte-Catherine,Mont-Royal,1,Ouest,2026-02-01 00:00:00-05:00,29,9.79310344827586
m,det-00523-01,-73.590263,45.51577934,Ville-Marie,Côte-Sainte-Catherine,Mont-Royal,1,Ouest,2026-03-01 00:00:00-05:00,49,8.448979591836734
m,det-00523-01,-73.590263,45.51577934,Ville-Marie,Côte-Sainte-Catherine,Mont-Royal,1,Ouest,2026-04-01 00:00:00-04:00,242,7.268595041322314
m,det-00523-01,-73.590263,45.51577934,Ville-Marie,Côte-Sainte-Catherine,Mont-Royal,1,Ouest,2026-05-01 00:00:00-04:00,3849,5.880228630813198
m,det-00523-02,-73.590263,45.51577934,Ville-Marie,Côte-Sainte-Catherine,Mont-Royal,1,Est,2025-11-01 00:00:00-04:00,100,10.39
m,det-00523-02,-73.590263,45.51577934,Ville-Marie,Côte-Sainte-Catherine,Mont-Royal,1,Est,2025-12-01 00:00:00-05:00,272,10.297794117647058
m,det-00523-02,-73.590263,45.51577934,Ville-Marie,Côte-Sainte-Catherine,Mont-Royal,1,Est,2026-01-01 00:00:00-05:00,421,10.185273159144892
m,det-00523-02,-73.590263,45.51577934,Ville-Marie,Côte-Sainte-Catherine,Mont-Royal,1,Est,2026-02-01 00:00:00-05:00,457,10.310722100656456
m,det-00523-02,-73.590263,45.51577934,Ville-Marie,Côte-Sainte-Catherine,Mont-Royal,1,Est,2026-03-01 00:00:00-05:00,275,10.345454545454546
m,det-00523-02,-73.590263,45.51577934,Ville-Marie,Côte-Sainte-Catherine,Mont-Royal,1,Est,2026-04-01 00:00:00-04:00,39,9.82051282051282
m,det-00523-02,-73.590263,45.51577934,Ville-Marie,Côte-Sainte-Catherine,Mont-Royal,1,Est,2026-05-01 00:00:00-04:00,83,9.72289156626506
m,det-00709-01,-73.56949746,45.53055038,Le Plateau-Mont-Royal,Papineau,Rachel,2,Ouest,2025-10-01 00:00:00-04:00,2700,21.97888888888889
m,det-00709-01,-73.56949746,45.53055038,Le Plateau-Mont-Royal,Papineau,Rachel,2,Ouest,2025-11-01 00:00:00-04:00,25778,20.821514469702848
m,det-00709-01,-73.56949746,45.53055038,Le Plateau-Mont-Royal,Papineau,Rachel,2,Ouest,2025-12-01 00:00:00-05:00,9160,18.08231441048035
m,det-00709-01,-73.56949746,45.53055038,Le Plateau-Mont-Royal,Papineau,Rachel,2,Ouest,2026-01-01 00:00:00-05:00,7388,17.20536076891837
m,det-00709-01,-73.56949746,45.53055038,Le Plateau-Mont-Royal,Papineau,Rachel,2,Ouest,2026-02-01 00:00:00-05:00,9503,18.330106282226662
m,det-00709-01,-73.56949746,45.53055038,Le Plateau-Mont-Royal,Papineau,Rachel,2,Ouest,2026-03-01 00:00:00-05:00,8343,19.141435934316192
m,det-00709-01,-73.56949746,45.53055038,Le Plateau-Mont-Royal,Papineau,Rachel,2,Ouest,2026-04-01 00:00:00-04:00,14711,21.43857502209532
m,det-00709-01,-73.56949746,45.53055038,Le Plateau-Mont-Royal,Papineau,Rachel,2,Ouest,2026-05-01 00:00:00-04:00,39835,21.524036651186144
m,det-00709-01,-73.56949746,45.53055038,Le Plateau-Mont-Royal,Papineau,Rachel,3,Est,2025-10-01 00:00:00-04:00,3377,15.724607639917084
m,det-00709-01,-73.56949746,45.53055038,Le Plateau-Mont-Royal,Papineau,Rachel,3,Est,2025-11-01 00:00:00-04:00,23758,15.694502904284873
m,det-00709-01,-73.56949746,45.53055038,Le Plateau-Mont-Royal,Papineau,Rachel,3,Est,2025-12-01 00:00:00-05:00,9568,14.738189799331105
m,det-00709-01,-73.56949746,45.53055038,Le Plateau-Mont-Royal,Papineau,Rachel,3,Est,2026-01-01 00:00:00-05:00,7949,14.01195269250126
m,det-00709-01,-73.56949746,45.53055038,Le Plateau-Mont-Royal,Papineau,Rachel,3,Est,2026-02-01 00:00:00-05:00,9938,14.643187764137654
m,det-00709-01,-73.56949746,45.53055038,Le Plateau-Mont-Royal,Papineau,Rachel,3,Est,2026-03-01 00:00:00-05:00,8881,15.19795068122959
m,det-00709-01,-73.56949746,45.53055038,Le Plateau-Mont-Royal,Papineau,Rachel,3,Est,2026-04-01 00:00:00-04:00,12356,17.07065393331175
m,det-00709-01,-73.56949746,45.53055038,Le Plateau-Mont-Royal,Papineau,Rachel,3,Est,2026-05-01 00:00:00-04:00,39274,17.47570912053776
m,det-00717-01,-73.545473,45.523579,Ville-Marie,De Lorimier/Viger,Notre-Dame,5,Est,2025-06-01 00:00:00-04:00,402,
m,det-00717-01,-73.545473,45.523579,Ville-Marie,De Lorimier/Viger,Notre-Dame,5,Est,2025-07-01 00:00:00-04:00,447,
m,det-00717-01,-73.545473,45.523579,Ville-Marie,De Lorimier/Viger,Notre-Dame,5,Est,2025-08-01 00:00:00-04:00,536,
m,det-00717-01,-73.545473,45.523579,Ville-Marie,De Lorimier/Viger,Notre-Dame,5,Est,2025-09-01 00:00:00-04:00,365,
m,det-00717-01,-73.545473,45.523579,Ville-Marie,De Lorimier/Viger,Notre-Dame,5,Est,2025-10-01 00:00:00-04:00,274,
m,det-00717-01,-73.545473,45.523579,Ville-Marie,De Lorimier/Viger,Notre-Dame,5,Est,2025-11-01 00:00:00-04:00,164,
m,det-00717-01,-73.545473,45.523579,Ville-Marie,De Lorimier/Viger,Notre-Dame,5,Est,2025-12-01 00:00:00-05:00,70,
m,det-00717-01,-73.545473,45.523579,Ville-Marie,De Lorimier/Viger,Notre-Dame,5,Est,2026-01-01 00:00:00-05:00,91,
m,det-00717-01,-73.545473,45.523579,Ville-Marie,De Lorimier/Viger,Notre-Dame,5,Est,2026-02-01 00:00:00-05:00,108,
m,det-00717-01,-73.545473,45.523579,Ville-Marie,De Lorimier/Viger,Notre-Dame,5,Est,2026-03-01 00:00:00-05:00,109,
m,det-00717-01,-73.545473,45.523579,Ville-Marie,De Lorimier/Viger,Notre-Dame,5,Est,2026-04-01 00:00:00-04:00,74,
m,det-00717-01,-73.545473,45.523579,Ville-Marie,De Lorimier/Viger,Notre-Dame,5,Est,2026-05-01 00:00:00-04:00,186,
m,det-00789-01,-73.55484615,45.55174068,Rosemont–La Petite-Patrie,Bourbonnière,Sherbrooke,2,Nord,2025-10-01 00:00:00-04:00,4766,25.42656315568611
m,det-00789-01,-73.55484615,45.55174068,Rosemont–La Petite-Patrie,Bourbonnière,Sherbrooke,2,Nord,2025-11-01 00:00:00-04:00,6440,23.4138198757764
m,det-00789-01,-73.55484615,45.55174068,Rosemont–La Petite-Patrie,Bourbonnière,Sherbrooke,2,Nord,2025-12-01 00:00:00-05:00,2176,21.36902573529412
m,det-00789-01,-73.55484615,45.55174068,Rosemont–La Petite-Patrie,Bourbonnière,Sherbrooke,2,Nord,2026-01-01 00:00:00-05:00,1297,21.17270624518119
m,det-00789-01,-73.55484615,45.55174068,Rosemont–La Petite-Patrie,Bourbonnière,Sherbrooke,2,Nord,2026-02-01 00:00:00-05:00,2007,20.904334828101643
m,det-00789-01,-73.55484615,45.55174068,Rosemont–La Petite-Patrie,Bourbonnière,Sherbrooke,2,Nord,2026-03-01 00:00:00-05:00,2053,22.162201656113005
m,det-00789-01,-73.55484615,45.55174068,Rosemont–La Petite-Patrie,Bourbonnière,Sherbrooke,2,Nord,2026-04-01 00:00:00-04:00,3717,23.87220877051385
m,det-00789-01,-73.55484615,45.55174068,Rosemont–La Petite-Patrie,Bourbonnière,Sherbrooke,2,Nord,2026-05-01 00:00:00-04:00,12412,23.22937479858202
m,det-00789-01,-73.55484615,45.55174068,Rosemont–La Petite-Patrie,Bourbonnière,Sherbrooke,3,Sud,2025-10-01 00:00:00-04:00,3349,23.016124216183936
m,det-00789-01,-73.55484615,45.55174068,Rosemont–La Petite-Patrie,Bourbonnière,Sherbrooke,3,Sud,2025-11-01 00:00:00-04:00,5185,21.73153326904532
m,det-00789-01,-73.55484615,45.55174068,Rosemont–La Petite-Patrie,Bourbonnière,Sherbrooke,3,Sud,2025-12-01 00:00:00-05:00,2045,20.60048899755501
m,det-00789-01,-73.55484615,45.55174068,Rosemont–La Petite-Patrie,Bourbonnière,Sherbrooke,3,Sud,2026-01-01 00:00:00-05:00,1487,18.54068594485541
m,det-00789-01,-73.55484615,45.55174068,Rosemont–La Petite-Patrie,Bourbonnière,Sherbrooke,3,Sud,2026-02-01 00:00:00-05:00,2194,20.09115770282589
m,det-00789-01,-73.55484615,45.55174068,Rosemont–La Petite-Patrie,Bourbonnière,Sherbrooke,3,Sud,2026-03-01 00:00:00-05:00,1882,21.56801275239108
m,det-00789-01,-73.55484615,45.55174068,Rosemont–La Petite-Patrie,Bourbonnière,Sherbrooke,3,Sud,2026-04-01 00:00:00-04:00,3350,22.400298507462686
m,det-00789-01,-73.55484615,45.55174068,Rosemont–La Petite-Patrie,Bourbonnière,Sherbrooke,3,Sud,2026-05-01 00:00:00-04:00,10138,23.09321365160781
m,det-00967-13,-73.509491,45.583635,Mercier–Hochelaga-Maisonneuve,Boucherville,Notre-Dame,5,Ouest,2025-06-01 00:00:00-04:00,3904,22.01818647540984
m,det-00967-13,-73.509491,45.583635,Mercier–Hochelaga-Maisonneuve,Boucherville,Notre-Dame,5,Ouest,2025-07-01 00:00:00-04:00,4500,18.432859048465986
m,det-00967-13,-73.509491,45.583635,Mercier–Hochelaga-Maisonneuve,Boucherville,Notre-Dame,5,Ouest,2025-08-01 00:00:00-04:00,5089,18.49330972058245
m,det-00967-13,-73.509491,45.583635,Mercier–Hochelaga-Maisonneuve,Boucherville,Notre-Dame,5,Ouest,2025-09-01 00:00:00-04:00,3887,17.879958246346554
m,det-00967-13,-73.509491,45.583635,Mercier–Hochelaga-Maisonneuve,Boucherville,Notre-Dame,5,Ouest,2025-10-01 00:00:00-04:00,2636,18.79601226993865
m,det-00967-13,-73.509491,45.583635,Mercier–Hochelaga-Maisonneuve,Boucherville,Notre-Dame,5,Ouest,2025-11-01 00:00:00-04:00,1039,18.56547041707081
m,det-00967-13,-73.509491,45.583635,Mercier–Hochelaga-Maisonneuve,Boucherville,Notre-Dame,5,Ouest,2025-12-01 00:00:00-05:00,368,15.972677595628417
m,det-00967-13,-73.509491,45.583635,Mercier–Hochelaga-Maisonneuve,Boucherville,Notre-Dame,5,Ouest,2026-01-01 00:00:00-05:00,231,15.899563318777291
m,det-00967-13,-73.509491,45.583635,Mercier–Hochelaga-Maisonneuve,Boucherville,Notre-Dame,5,Ouest,2026-02-01 00:00:00-05:00,74,17.945945945945947
m,det-00967-13,-73.509491,45.583635,Mercier–Hochelaga-Maisonneuve,Boucherville,Notre-Dame,6,Est,2025-06-01 00:00:00-04:00,5072,29.00631039242753
m,det-00967-13,-73.509491,45.583635,Mercier–Hochelaga-Maisonneuve,Boucherville,Notre-Dame,6,Est,2025-07-01 00:00:00-04:00,4341,22.495047224141903
m,det-00967-13,-73.509491,45.583635,Mercier–Hochelaga-Maisonneuve,Boucherville,Notre-Dame,6,Est,2025-08-01 00:00:00-04:00,5332,22.2957957957958
m,det-00967-13,-73.509491,45.583635,Mercier–Hochelaga-Maisonneuve,Boucherville,Notre-Dame,6,Est,2025-09-01 00:00:00-04:00,4073,21.78255497899679
m,det-00967-13,-73.509491,45.583635,Mercier–Hochelaga-Maisonneuve,Boucherville,Notre-Dame,6,Est,2025-10-01 00:00:00-04:00,2669,21.432177844762624
m,det-00967-13,-73.509491,45.583635,Mercier–Hochelaga-Maisonneuve,Boucherville,Notre-Dame,6,Est,2025-11-01 00:00:00-04:00,996,19.23678861788618
m,det-00967-13,-73.509491,45.583635,Mercier–Hochelaga-Maisonneuve,Boucherville,Notre-Dame,6,Est,2025-12-01 00:00:00-05:00,396,15.65038560411311
m,det-00967-13,-73.509491,45.583635,Mercier–Hochelaga-Maisonneuve,Boucherville,Notre-Dame,6,Est,2026-01-01 00:00:00-05:00,316,13.209677419354838
m,det-00967-13,-73.509491,45.583635,Mercier–Hochelaga-Maisonneuve,Boucherville,Notre-Dame,6,Est,2026-02-01 00:00:00-05:00,68,16.865671641791046
m,det-00970-01,-73.508203,45.585309,Mercier–Hochelaga-Maisonneuve,Notre-Dame,Curatteau,3,Ouest,2025-06-01 00:00:00-04:00,310,
m,det-00970-01,-73.508203,45.585309,Mercier–Hochelaga-Maisonneuve,Notre-Dame,Curatteau,3,Ouest,2025-07-01 00:00:00-04:00,536,
m,det-00970-01,-73.508203,45.585309,Mercier–Hochelaga-Maisonneuve,Notre-Dame,Curatteau,3,Ouest,2025-08-01 00:00:00-04:00,1478,
m,det-00970-01,-73.508203,45.585309,Mercier–Hochelaga-Maisonneuve,Notre-Dame,Curatteau,3,Ouest,2025-09-01 00:00:00-04:00,1914,
m,det-00970-01,-73.508203,45.585309,Mercier–Hochelaga-Maisonneuve,Notre-Dame,Curatteau,3,Ouest,2025-10-01 00:00:00-04:00,3303,
m,det-00970-01,-73.508203,45.585309,Mercier–Hochelaga-Maisonneuve,Notre-Dame,Curatteau,3,Ouest,2025-11-01 00:00:00-04:00,3705,
m,det-00970-01,-73.508203,45.585309,Mercier–Hochelaga-Maisonneuve,Notre-Dame,Curatteau,3,Ouest,2025-12-01 00:00:00-05:00,3058,
m,det-00970-01,-73.508203,45.585309,Mercier–Hochelaga-Maisonneuve,Notre-Dame,Curatteau,3,Ouest,2026-01-01 00:00:00-05:00,1310,
m,det-00970-01,-73.508203,45.585309,Mercier–Hochelaga-Maisonneuve,Notre-Dame,Curatteau,3,Ouest,2026-02-01 00:00:00-05:00,79,
m,det-00970-01,-73.508203,45.585309,Mercier–Hochelaga-Maisonneuve,Notre-Dame,Curatteau,4,Est,2025-06-01 00:00:00-04:00,1122,
m,det-00970-01,-73.508203,45.585309,Mercier–Hochelaga-Maisonneuve,Notre-Dame,Curatteau,4,Est,2025-07-01 00:00:00-04:00,1444,
m,det-00970-01,-73.508203,45.585309,Mercier–Hochelaga-Maisonneuve,Notre-Dame,Curatteau,4,Est,2025-08-01 00:00:00-04:00,2149,
m,det-00970-01,-73.508203,45.585309,Mercier–Hochelaga-Maisonneuve,Notre-Dame,Curatteau,4,Est,2025-09-01 00:00:00-04:00,2606,
m,det-00970-01,-73.508203,45.585309,Mercier–Hochelaga-Maisonneuve,Notre-Dame,Curatteau,4,Est,2025-10-01 00:00:00-04:00,3032,
m,det-00970-01,-73.508203,45.585309,Mercier–Hochelaga-Maisonneuve,Notre-Dame,Curatteau,4,Est,2025-11-01 00:00:00-04:00,3171,
m,det-00970-01,-73.508203,45.585309,Mercier–Hochelaga-Maisonneuve,Notre-Dame,Curatteau,4,Est,2025-12-01 00:00:00-05:00,2345,
m,det-00970-01,-73.508203,45.585309,Mercier–Hochelaga-Maisonneuve,Notre-Dame,Curatteau,4,Est,2026-01-01 00:00:00-05:00,1080,
m,det-00970-01,-73.508203,45.585309,Mercier–Hochelaga-Maisonneuve,Notre-Dame,Curatteau,4,Est,2026-02-01 00:00:00-05:00,64,
m,det-00974-01,-73.514824,45.577387,Mercier–Hochelaga-Maisonneuve,Haig,Notre-Dame,5,Est,2025-06-01 00:00:00-04:00,426,
m,det-00974-01,-73.514824,45.577387,Mercier–Hochelaga-Maisonneuve,Haig,Notre-Dame,5,Est,2025-07-01 00:00:00-04:00,1432,
m,det-00974-01,-73.514824,45.577387,Mercier–Hochelaga-Maisonneuve,Haig,Notre-Dame,5,Est,2025-08-01 00:00:00-04:00,2217,
m,det-00974-01,-73.514824,45.577387,Mercier–Hochelaga-Maisonneuve,Haig,Notre-Dame,5,Est,2025-09-01 00:00:00-04:00,1856,
m,det-00974-01,-73.514824,45.577387,Mercier–Hochelaga-Maisonneuve,Haig,Notre-Dame,5,Est,2025-10-01 00:00:00-04:00,2071,
m,det-00974-01,-73.514824,45.577387,Mercier–Hochelaga-Maisonneuve,Haig,Notre-Dame,5,Est,2025-11-01 00:00:00-04:00,1063,
m,det-00974-01,-73.514824,45.577387,Mercier–Hochelaga-Maisonneuve,Haig,Notre-Dame,5,Est,2025-12-01 00:00:00-05:00,434,
m,det-00974-01,-73.514824,45.577387,Mercier–Hochelaga-Maisonneuve,Haig,Notre-Dame,5,Est,2026-01-01 00:00:00-05:00,236,
m,det-00974-01,-73.514824,45.577387,Mercier–Hochelaga-Maisonneuve,Haig,Notre-Dame,5,Est,2026-02-01 00:00:00-05:00,241,
m,det-00974-01,-73.514824,45.577387,Mercier–Hochelaga-Maisonneuve,Haig,Notre-Dame,5,Est,2026-03-01 00:00:00-05:00,259,
m,det-00974-01,-73.514824,45.577387,Mercier–Hochelaga-Maisonneuve,Haig,Notre-Dame,5,Est,2026-04-01 00:00:00-04:00,475,
m,det-00974-01,-73.514824,45.577387,Mercier–Hochelaga-Maisonneuve,Haig,Notre-Dame,5,Est,2026-05-01 00:00:00-04:00,1144,
m,det-00974-01,-73.514824,45.577387,Mercier–Hochelaga-Maisonneuve,Haig,Notre-Dame,6,Ouest,2025-06-01 00:00:00-04:00,2908,
m,det-00974-01,-73.514824,45.577387,Mercier–Hochelaga-Maisonneuve,Haig,Notre-Dame,6,Ouest,2025-07-01 00:00:00-04:00,3101,
m,det-00974-01,-73.514824,45.577387,Mercier–Hochelaga-Maisonneuve,Haig,Notre-Dame,6,Ouest,2025-08-01 00:00:00-04:00,3718,
m,det-00974-01,-73.514824,45.577387,Mercier–Hochelaga-Maisonneuve,Haig,Notre-Dame,6,Ouest,2025-09-01 00:00:00-04:00,2623,
m,det-00974-01,-73.514824,45.577387,Mercier–Hochelaga-Maisonneuve,Haig,Notre-Dame,6,Ouest,2025-10-01 00:00:00-04:00,1944,
m,det-00974-01,-73.514824,45.577387,Mercier–Hochelaga-Maisonneuve,Haig,Notre-Dame,6,Ouest,2025-11-01 00:00:00-04:00,903,
m,det-00974-01,-73.514824,45.577387,Mercier–Hochelaga-Maisonneuve,Haig,Notre-Dame,6,Ouest,2025-12-01 00:00:00-05:00,528,
m,det-00974-01,-73.514824,45.577387,Mercier–Hochelaga-Maisonneuve,Haig,Notre-Dame,6,Ouest,2026-01-01 00:00:00-05:00,211,
m,det-00974-01,-73.514824,45.577387,Mercier–Hochelaga-Maisonneuve,Haig,Notre-Dame,6,Ouest,2026-02-01 00:00:00-05:00,227,
m,det-00974-01,-73.514824,45.577387,Mercier–Hochelaga-Maisonneuve,Haig,Notre-Dame,6,Ouest,2026-03-01 00:00:00-05:00,279,
m,det-00974-01,-73.514824,45.577387,Mercier–Hochelaga-Maisonneuve,Haig,Notre-Dame,6,Ouest,2026-04-01 00:00:00-04:00,412,
m,det-00974-01,-73.514824,45.577387,Mercier–Hochelaga-Maisonneuve,Haig,Notre-Dame,6,Ouest,2026-05-01 00:00:00-04:00,1850,
m,det-00976-02,-73.508827,45.588384,Mercier–Hochelaga-Maisonneuve,Honoré-Beaugrand,Notre-Dame,3,Est,2025-06-01 00:00:00-04:00,2277,
m,det-00976-02,-73.508827,45.588384,Mercier–Hochelaga-Maisonneuve,Honoré-Beaugrand,Notre-Dame,3,Est,2025-07-01 00:00:00-04:00,2207,
m,det-00976-02,-73.508827,45.588384,Mercier–Hochelaga-Maisonneuve,Honoré-Beaugrand,Notre-Dame,3,Est,2025-08-01 00:00:00-04:00,2710,
m,det-00976-02,-73.508827,45.588384,Mercier–Hochelaga-Maisonneuve,Honoré-Beaugrand,Notre-Dame,3,Est,2025-09-01 00:00:00-04:00,3560,
m,det-00976-02,-73.508827,45.588384,Mercier–Hochelaga-Maisonneuve,Honoré-Beaugrand,Notre-Dame,3,Est,2025-10-01 00:00:00-04:00,2945,
m,det-00976-02,-73.508827,45.588384,Mercier–Hochelaga-Maisonneuve,Honoré-Beaugrand,Notre-Dame,3,Est,2025-11-01 00:00:00-04:00,850,
m,det-00976-02,-73.508827,45.588384,Mercier–Hochelaga-Maisonneuve,Honoré-Beaugrand,Notre-Dame,3,Est,2025-12-01 00:00:00-05:00,692,
m,det-00976-02,-73.508827,45.588384,Mercier–Hochelaga-Maisonneuve,Honoré-Beaugrand,Notre-Dame,3,Est,2026-01-01 00:00:00-05:00,428,
m,det-00976-02,-73.508827,45.588384,Mercier–Hochelaga-Maisonneuve,Honoré-Beaugrand,Notre-Dame,3,Est,2026-02-01 00:00:00-05:00,132,
m,det-00976-02,-73.508827,45.588384,Mercier–Hochelaga-Maisonneuve,Honoré-Beaugrand,Notre-Dame,4,Ouest,2025-06-01 00:00:00-04:00,141,
m,det-00976-02,-73.508827,45.588384,Mercier–Hochelaga-Maisonneuve,Honoré-Beaugrand,Notre-Dame,4,Ouest,2025-07-01 00:00:00-04:00,111,
m,det-00976-02,-73.508827,45.588384,Mercier–Hochelaga-Maisonneuve,Honoré-Beaugrand,Notre-Dame,4,Ouest,2025-08-01 00:00:00-04:00,42,
m,det-00976-02,-73.508827,45.588384,Mercier–Hochelaga-Maisonneuve,Honoré-Beaugrand,Notre-Dame,4,Ouest,2025-09-01 00:00:00-04:00,120,
m,det-00976-02,-73.508827,45.588384,Mercier–Hochelaga-Maisonneuve,Honoré-Beaugrand,Notre-Dame,4,Ouest,2025-10-01 00:00:00-04:00,107,
m,det-00976-02,-73.508827,45.588384,Mercier–Hochelaga-Maisonneuve,Honoré-Beaugrand,Notre-Dame,4,Ouest,2025-11-01 00:00:00-04:00,105,
m,det-00976-02,-73.508827,45.588384,Mercier–Hochelaga-Maisonneuve,Honoré-Beaugrand,Notre-Dame,4,Ouest,2025-12-01 00:00:00-05:00,70,
m,det-00976-02,-73.508827,45.588384,Mercier–Hochelaga-Maisonneuve,Honoré-Beaugrand,Notre-Dame,4,Ouest,2026-01-01 00:00:00-05:00,36,
m,det-00976-02,-73.508827,45.588384,Mercier–Hochelaga-Maisonneuve,Honoré-Beaugrand,Notre-Dame,4,Ouest,2026-02-01 00:00:00-05:00,6,
m,det-01020-01,-73.60202333,45.55361831,Villeray–Saint-Michel–Parc-Extension,Iberville,Jean-Talon,1,Est,2025-10-01 00:00:00-04:00,1676,19.22792362768497
m,det-01020-01,-73.60202333,45.55361831,Villeray–Saint-Michel–Parc-Extension,Iberville,Jean-Talon,1,Est,2025-11-01 00:00:00-04:00,3186,17.325800376647834
m,det-01020-01,-73.60202333,45.55361831,Villeray–Saint-Michel–Parc-Extension,Iberville,Jean-Talon,1,Est,2025-12-01 00:00:00-05:00,1467,13.98568507157464
m,det-01020-01,-73.60202333,45.55361831,Villeray–Saint-Michel–Parc-Extension,Iberville,Jean-Talon,1,Est,2026-01-01 00:00:00-05:00,1071,13.642390289449112
m,det-01020-01,-73.60202333,45.55361831,Villeray–Saint-Michel–Parc-Extension,Iberville,Jean-Talon,1,Est,2026-02-01 00:00:00-05:00,1294,14.274343122102009
m,det-01020-01,-73.60202333,45.55361831,Villeray–Saint-Michel–Parc-Extension,Iberville,Jean-Talon,1,Est,2026-03-01 00:00:00-05:00,1081,15.570767807585568
m,det-01020-01,-73.60202333,45.55361831,Villeray–Saint-Michel–Parc-Extension,Iberville,Jean-Talon,1,Est,2026-04-01 00:00:00-04:00,1526,18.17758846657929
m,det-01020-01,-73.60202333,45.55361831,Villeray–Saint-Michel–Parc-Extension,Iberville,Jean-Talon,1,Est,2026-05-01 00:00:00-04:00,5153,18.60159130603532
m,det-01026-01,-73.60896466,45.55669933,Villeray–Saint-Michel–Parc-Extension,Iberville,Villeray,3,Est,2025-10-01 00:00:00-04:00,3623,19.27408225227712
m,det-01026-01,-73.60896466,45.55669933,Villeray–Saint-Michel–Parc-Extension,Iberville,Villeray,3,Est,2025-11-01 00:00:00-04:00,3588,18.313266443701227
m,det-01026-01,-73.60896466,45.55669933,Villeray–Saint-Michel–Parc-Extension,Iberville,Villeray,3,Est,2025-12-01 00:00:00-05:00,846,16.23049645390071
m,det-01026-01,-73.60896466,45.55669933,Villeray–Saint-Michel–Parc-Extension,Iberville,Villeray,3,Est,2026-01-01 00:00:00-05:00,462,15.041125541125542
m,det-01026-01,-73.60896466,45.55669933,Villeray–Saint-Michel–Parc-Extension,Iberville,Villeray,3,Est,2026-02-01 00:00:00-05:00,734,14.91008174386921
m,det-01026-01,-73.60896466,45.55669933,Villeray–Saint-Michel–Parc-Extension,Iberville,Villeray,3,Est,2026-03-01 00:00:00-05:00,934,17.701284796573876
m,det-01026-01,-73.60896466,45.55669933,Villeray–Saint-Michel–Parc-Extension,Iberville,Villeray,3,Est,2026-04-01 00:00:00-04:00,2011,18.152163102933866
m,det-01026-01,-73.60896466,45.55669933,Villeray–Saint-Michel–Parc-Extension,Iberville,Villeray,3,Est,2026-05-01 00:00:00-04:00,933,18.39121114683816
m,det-01173-01,-73.650118,45.549271,Ahuntsic-Cartierville,Berri,Louvain,4,Sud,2025-06-01 00:00:00-04:00,5615,
m,det-01173-01,-73.650118,45.549271,Ahuntsic-Cartierville,Berri,Louvain,4,Sud,2025-07-01 00:00:00-04:00,8400,
m,det-01173-01,-73.650118,45.549271,Ahuntsic-Cartierville,Berri,Louvain,4,Sud,2025-08-01 00:00:00-04:00,6039,
m,det-01173-01,-73.650118,45.549271,Ahuntsic-Cartierville,Berri,Louvain,4,Sud,2025-09-01 00:00:00-04:00,5412,
m,det-01173-01,-73.650118,45.549271,Ahuntsic-Cartierville,Berri,Louvain,4,Sud,2025-10-01 00:00:00-04:00,4029,
m,det-01173-01,-73.650118,45.549271,Ahuntsic-Cartierville,Berri,Louvain,4,Sud,2025-11-01 00:00:00-04:00,5683,
m,det-01173-01,-73.650118,45.549271,Ahuntsic-Cartierville,Berri,Louvain,4,Sud,2025-12-01 00:00:00-05:00,2555,
m,det-01173-01,-73.650118,45.549271,Ahuntsic-Cartierville,Berri,Louvain,4,Sud,2026-01-01 00:00:00-05:00,2241,
m,det-01173-01,-73.650118,45.549271,Ahuntsic-Cartierville,Berri,Louvain,4,Sud,2026-02-01 00:00:00-05:00,1680,
m,det-01173-01,-73.650118,45.549271,Ahuntsic-Cartierville,Berri,Louvain,4,Sud,2026-03-01 00:00:00-05:00,1624,
m,det-01173-01,-73.650118,45.549271,Ahuntsic-Cartierville,Berri,Louvain,4,Sud,2026-04-01 00:00:00-04:00,2334,
m,det-01173-01,-73.650118,45.549271,Ahuntsic-Cartierville,Berri,Louvain,4,Sud,2026-05-01 00:00:00-04:00,8264,
m,det-01194-02,-73.645547,45.548574,Ahuntsic-Cartierville,Lajeunesse,Legendre,3,Sud,2025-06-01 00:00:00-04:00,20643,
m,det-01194-02,-73.645547,45.548574,Ahuntsic-Cartierville,Lajeunesse,Legendre,3,Sud,2025-07-01 00:00:00-04:00,24080,
m,det-01194-02,-73.645547,45.548574,Ahuntsic-Cartierville,Lajeunesse,Legendre,3,Sud,2025-08-01 00:00:00-04:00,34860,
m,det-01194-02,-73.645547,45.548574,Ahuntsic-Cartierville,Lajeunesse,Legendre,3,Sud,2025-09-01 00:00:00-04:00,34562,
m,det-01194-02,-73.645547,45.548574,Ahuntsic-Cartierville,Lajeunesse,Legendre,3,Sud,2025-10-01 00:00:00-04:00,19532,
m,det-01194-02,-73.645547,45.548574,Ahuntsic-Cartierville,Lajeunesse,Legendre,3,Sud,2025-11-01 00:00:00-04:00,5348,
m,det-01194-02,-73.645547,45.548574,Ahuntsic-Cartierville,Lajeunesse,Legendre,3,Sud,2025-12-01 00:00:00-05:00,732,
m,det-01194-02,-73.645547,45.548574,Ahuntsic-Cartierville,Lajeunesse,Legendre,3,Sud,2026-01-01 00:00:00-05:00,552,
m,det-01194-02,-73.645547,45.548574,Ahuntsic-Cartierville,Lajeunesse,Legendre,3,Sud,2026-02-01 00:00:00-05:00,1231,
m,det-01194-02,-73.645547,45.548574,Ahuntsic-Cartierville,Lajeunesse,Legendre,3,Sud,2026-03-01 00:00:00-05:00,1694,
m,det-01194-02,-73.645547,45.548574,Ahuntsic-Cartierville,Lajeunesse,Legendre,3,Sud,2026-04-01 00:00:00-04:00,4185,
m,det-01194-02,-73.645547,45.548574,Ahuntsic-Cartierville,Lajeunesse,Legendre,3,Sud,2026-05-01 00:00:00-04:00,18025,
m,det-01269-01,-73.661524,45.562217,Ahuntsic-Cartierville,Christophe-Colomb,Henri-Bourassa,3,Sud,2025-07-01 00:00:00-04:00,4787,
m,det-01269-01,-73.661524,45.562217,Ahuntsic-Cartierville,Christophe-Colomb,Henri-Bourassa,3,Sud,2025-08-01 00:00:00-04:00,5917,
m,det-01269-01,-73.661524,45.562217,Ahuntsic-Cartierville,Christophe-Colomb,Henri-Bourassa,3,Sud,2025-09-01 00:00:00-04:00,2155,
m,det-01269-01,-73.661524,45.562217,Ahuntsic-Cartierville,Christophe-Colomb,Henri-Bourassa,3,Sud,2025-10-01 00:00:00-04:00,1385,
m,det-01269-01,-73.661524,45.562217,Ahuntsic-Cartierville,Christophe-Colomb,Henri-Bourassa,3,Sud,2025-11-01 00:00:00-04:00,1180,
m,det-01269-01,-73.661524,45.562217,Ahuntsic-Cartierville,Christophe-Colomb,Henri-Bourassa,3,Sud,2025-12-01 00:00:00-05:00,715,
m,det-01269-01,-73.661524,45.562217,Ahuntsic-Cartierville,Christophe-Colomb,Henri-Bourassa,3,Sud,2026-01-01 00:00:00-05:00,729,
m,det-01269-01,-73.661524,45.562217,Ahuntsic-Cartierville,Christophe-Colomb,Henri-Bourassa,3,Sud,2026-02-01 00:00:00-05:00,945,
m,det-01269-01,-73.661524,45.562217,Ahuntsic-Cartierville,Christophe-Colomb,Henri-Bourassa,3,Sud,2026-03-01 00:00:00-05:00,496,
m,det-01269-01,-73.661524,45.562217,Ahuntsic-Cartierville,Christophe-Colomb,Henri-Bourassa,4,Nord,2025-06-01 00:00:00-04:00,7338,
m,det-01269-01,-73.661524,45.562217,Ahuntsic-Cartierville,Christophe-Colomb,Henri-Bourassa,4,Nord,2025-07-01 00:00:00-04:00,2008,
m,det-01269-01,-73.661524,45.562217,Ahuntsic-Cartierville,Christophe-Colomb,Henri-Bourassa,4,Nord,2025-08-01 00:00:00-04:00,4175,
m,det-01269-01,-73.661524,45.562217,Ahuntsic-Cartierville,Christophe-Colomb,Henri-Bourassa,4,Nord,2025-09-01 00:00:00-04:00,3265,
m,det-01269-01,-73.661524,45.562217,Ahuntsic-Cartierville,Christophe-Colomb,Henri-Bourassa,4,Nord,2025-10-01 00:00:00-04:00,813,
m,det-01269-01,-73.661524,45.562217,Ahuntsic-Cartierville,Christophe-Colomb,Henri-Bourassa,4,Nord,2025-11-01 00:00:00-04:00,600,
m,det-01269-01,-73.661524,45.562217,Ahuntsic-Cartierville,Christophe-Colomb,Henri-Bourassa,4,Nord,2025-12-01 00:00:00-05:00,654,
m,det-01269-01,-73.661524,45.562217,Ahuntsic-Cartierville,Christophe-Colomb,Henri-Bourassa,4,Nord,2026-01-01 00:00:00-05:00,675,
m,det-01269-01,-73.661524,45.562217,Ahuntsic-Cartierville,Christophe-Colomb,Henri-Bourassa,4,Nord,2026-02-01 00:00:00-05:00,809,
m,det-01269-01,-73.661524,45.562217,Ahuntsic-Cartierville,Christophe-Colomb,Henri-Bourassa,4,Nord,2026-03-01 00:00:00-05:00,410,
m,det-01340-01,-73.505879,45.642491,Rivière-des-Prairies–Pointe-aux-Trembles,Montigny,Saint-Jean-Baptiste,2,Nord,2025-06-01 00:00:00-04:00,458,
m,det-01340-01,-73.505879,45.642491,Rivière-des-Prairies–Pointe-aux-Trembles,Montigny,Saint-Jean-Baptiste,2,Nord,2025-07-01 00:00:00-04:00,758,
m,det-01340-01,-73.505879,45.642491,Rivière-des-Prairies–Pointe-aux-Trembles,Montigny,Saint-Jean-Baptiste,2,Nord,2025-08-01 00:00:00-04:00,1007,
m,det-01340-01,-73.505879,45.642491,Rivière-des-Prairies–Pointe-aux-Trembles,Montigny,Saint-Jean-Baptiste,2,Nord,2025-09-01 00:00:00-04:00,783,
m,det-01340-01,-73.505879,45.642491,Rivière-des-Prairies–Pointe-aux-Trembles,Montigny,Saint-Jean-Baptiste,2,Nord,2025-10-01 00:00:00-04:00,515,
m,det-01340-01,-73.505879,45.642491,Rivière-des-Prairies–Pointe-aux-Trembles,Montigny,Saint-Jean-Baptiste,2,Nord,2025-11-01 00:00:00-04:00,149,
m,det-01340-02,-73.505879,45.642491,Rivière-des-Prairies–Pointe-aux-Trembles,Montigny,Saint-Jean-Baptiste,2,Sud,2025-06-01 00:00:00-04:00,1161,
m,det-01340-02,-73.505879,45.642491,Rivière-des-Prairies–Pointe-aux-Trembles,Montigny,Saint-Jean-Baptiste,2,Sud,2025-07-01 00:00:00-04:00,1841,
m,det-01340-02,-73.505879,45.642491,Rivière-des-Prairies–Pointe-aux-Trembles,Montigny,Saint-Jean-Baptiste,2,Sud,2025-08-01 00:00:00-04:00,2391,
m,det-01340-02,-73.505879,45.642491,Rivière-des-Prairies–Pointe-aux-Trembles,Montigny,Saint-Jean-Baptiste,2,Sud,2025-09-01 00:00:00-04:00,1994,
m,det-01340-02,-73.505879,45.642491,Rivière-des-Prairies–Pointe-aux-Trembles,Montigny,Saint-Jean-Baptiste,2,Sud,2025-10-01 00:00:00-04:00,1258,
m,det-01340-02,-73.505879,45.642491,Rivière-des-Prairies–Pointe-aux-Trembles,Montigny,Saint-Jean-Baptiste,2,Sud,2025-11-01 00:00:00-04:00,230,
m,det-01364-01,-73.561977,45.473739,Le Sud-Ouest,Charlevoix,Wellington,3,Ouest,2025-06-01 00:00:00-04:00,9071,
m,det-01364-01,-73.561977,45.473739,Le Sud-Ouest,Charlevoix,Wellington,3,Ouest,2025-07-01 00:00:00-04:00,12532,
m,det-01364-01,-73.561977,45.473739,Le Sud-Ouest,Charlevoix,Wellington,3,Ouest,2025-08-01 00:00:00-04:00,11072,
m,det-01364-01,-73.561977,45.473739,Le Sud-Ouest,Charlevoix,Wellington,3,Ouest,2025-09-01 00:00:00-04:00,13143,
m,det-01364-01,-73.561977,45.473739,Le Sud-Ouest,Charlevoix,Wellington,3,Ouest,2025-10-01 00:00:00-04:00,7968,
m,det-01364-01,-73.561977,45.473739,Le Sud-Ouest,Charlevoix,Wellington,3,Ouest,2025-11-01 00:00:00-04:00,2567,
m,det-01364-01,-73.561977,45.473739,Le Sud-Ouest,Charlevoix,Wellington,3,Ouest,2025-12-01 00:00:00-05:00,902,
m,det-01364-01,-73.561977,45.473739,Le Sud-Ouest,Charlevoix,Wellington,3,Ouest,2026-01-01 00:00:00-05:00,565,
m,det-01364-01,-73.561977,45.473739,Le Sud-Ouest,Charlevoix,Wellington,3,Ouest,2026-02-01 00:00:00-05:00,653,
m,det-01364-01,-73.561977,45.473739,Le Sud-Ouest,Charlevoix,Wellington,3,Ouest,2026-03-01 00:00:00-05:00,904,
m,det-01364-01,-73.561977,45.473739,Le Sud-Ouest,Charlevoix,Wellington,3,Ouest,2026-04-01 00:00:00-04:00,1742,
m,det-01364-01,-73.561977,45.473739,Le Sud-Ouest,Charlevoix,Wellington,3,Ouest,2026-05-01 00:00:00-04:00,8568,
m,det-01364-01,-73.561977,45.473739,Le Sud-Ouest,Charlevoix,Wellington,4,Est,2025-06-01 00:00:00-04:00,5677,
m,det-01364-01,-73.561977,45.473739,Le Sud-Ouest,Charlevoix,Wellington,4,Est,2025-07-01 00:00:00-04:00,7565,
m,det-01364-01,-73.561977,45.473739,Le Sud-Ouest,Charlevoix,Wellington,4,Est,2025-08-01 00:00:00-04:00,5643,
m,det-01364-01,-73.561977,45.473739,Le Sud-Ouest,Charlevoix,Wellington,4,Est,2025-09-01 00:00:00-04:00,4242,
m,det-01364-01,-73.561977,45.473739,Le Sud-Ouest,Charlevoix,Wellington,4,Est,2025-10-01 00:00:00-04:00,1886,
m,det-01364-01,-73.561977,45.473739,Le Sud-Ouest,Charlevoix,Wellington,4,Est,2025-11-01 00:00:00-04:00,1165,
m,det-01364-01,-73.561977,45.473739,Le Sud-Ouest,Charlevoix,Wellington,4,Est,2025-12-01 00:00:00-05:00,426,
m,det-01364-01,-73.561977,45.473739,Le Sud-Ouest,Charlevoix,Wellington,4,Est,2026-01-01 00:00:00-05:00,278,
m,det-01364-01,-73.561977,45.473739,Le Sud-Ouest,Charlevoix,Wellington,4,Est,2026-02-01 00:00:00-05:00,279,
m,det-01364-01,-73.561977,45.473739,Le Sud-Ouest,Charlevoix,Wellington,4,Est,2026-03-01 00:00:00-05:00,331,
m,det-01364-01,-73.561977,45.473739,Le Sud-Ouest,Charlevoix,Wellington,4,Est,2026-04-01 00:00:00-04:00,1093,
m,det-01364-01,-73.561977,45.473739,Le Sud-Ouest,Charlevoix,Wellington,4,Est,2026-05-01 00:00:00-04:00,5313,
m,det-01452-01,-73.61071833,45.54389198,Rosemont–La Petite-Patrie,Jean-Talon,Normanville,1,Sud,2025-10-01 00:00:00-04:00,6162,18.67072379097696
m,det-01452-01,-73.61071833,45.54389198,Rosemont–La Petite-Patrie,Jean-Talon,Normanville,1,Sud,2025-11-01 00:00:00-04:00,6347,18.13990861824484
m,det-01452-01,-73.61071833,45.54389198,Rosemont–La Petite-Patrie,Jean-Talon,Normanville,1,Sud,2025-12-01 00:00:00-05:00,111,15.98198198198198
m,det-01452-01,-73.61071833,45.54389198,Rosemont–La Petite-Patrie,Jean-Talon,Normanville,1,Sud,2026-02-01 00:00:00-05:00,1482,15.855600539811066
m,det-01452-01,-73.61071833,45.54389198,Rosemont–La Petite-Patrie,Jean-Talon,Normanville,1,Sud,2026-03-01 00:00:00-05:00,1931,17.117555670636975
m,det-01452-01,-73.61071833,45.54389198,Rosemont–La Petite-Patrie,Jean-Talon,Normanville,1,Sud,2026-04-01 00:00:00-04:00,2725,18.310091743119266
m,det-01452-01,-73.61071833,45.54389198,Rosemont–La Petite-Patrie,Jean-Talon,Normanville,1,Sud,2026-05-01 00:00:00-04:00,9286,19.451216885634288
m,det-01454-01,-73.63049393,45.50985432,Côte-des-Neiges–Notre-Dame-de-Grâce,Darlington,Goyer,2,Est,2025-10-01 00:00:00-04:00,817,21.07833537331701
m,det-01487-03,-73.559387,45.496943,Le Sud-Ouest,Nazareth,William,4,Ouest,2025-06-01 00:00:00-04:00,3887,
m,det-01487-03,-73.559387,45.496943,Le Sud-Ouest,Nazareth,William,4,Ouest,2025-07-01 00:00:00-04:00,5245,
m,det-01487-03,-73.559387,45.496943,Le Sud-Ouest,Nazareth,William,4,Ouest,2025-08-01 00:00:00-04:00,5984,
m,det-01487-03,-73.559387,45.496943,Le Sud-Ouest,Nazareth,William,4,Ouest,2025-09-01 00:00:00-04:00,4782,
m,det-01487-03,-73.559387,45.496943,Le Sud-Ouest,Nazareth,William,4,Ouest,2025-10-01 00:00:00-04:00,4228,
m,det-01487-03,-73.559387,45.496943,Le Sud-Ouest,Nazareth,William,4,Ouest,2025-11-01 00:00:00-04:00,1647,
m,det-01487-03,-73.559387,45.496943,Le Sud-Ouest,Nazareth,William,4,Ouest,2025-12-01 00:00:00-05:00,563,
m,det-01487-03,-73.559387,45.496943,Le Sud-Ouest,Nazareth,William,4,Ouest,2026-01-01 00:00:00-05:00,150,
m,det-01487-03,-73.559387,45.496943,Le Sud-Ouest,Nazareth,William,4,Ouest,2026-02-01 00:00:00-05:00,301,
m,det-01487-03,-73.559387,45.496943,Le Sud-Ouest,Nazareth,William,4,Ouest,2026-03-01 00:00:00-05:00,419,
m,det-01487-03,-73.559387,45.496943,Le Sud-Ouest,Nazareth,William,4,Ouest,2026-04-01 00:00:00-04:00,816,
m,det-01487-03,-73.559387,45.496943,Le Sud-Ouest,Nazareth,William,4,Ouest,2026-05-01 00:00:00-04:00,3796,
m,det-01725-01,-73.56046209,45.4712685,Le Sud-Ouest,Gaétan-Laberge,Sortie A-15 Sud,1,Est,2025-10-01 00:00:00-04:00,3367,15.185031185031184
m,det-01725-01,-73.56046209,45.4712685,Le Sud-Ouest,Gaétan-Laberge,Sortie A-15 Sud,1,Est,2025-11-01 00:00:00-04:00,4338,13.606500691562932
m,det-01725-01,-73.56046209,45.4712685,Le Sud-Ouest,Gaétan-Laberge,Sortie A-15 Sud,1,Est,2025-12-01 00:00:00-05:00,1260,11.195238095238096
m,det-01725-01,-73.56046209,45.4712685,Le Sud-Ouest,Gaétan-Laberge,Sortie A-15 Sud,1,Est,2026-01-01 00:00:00-05:00,972,10.54835390946502
m,det-01725-01,-73.56046209,45.4712685,Le Sud-Ouest,Gaétan-Laberge,Sortie A-15 Sud,1,Est,2026-02-01 00:00:00-05:00,1279,11.18295543393276
m,det-01725-01,-73.56046209,45.4712685,Le Sud-Ouest,Gaétan-Laberge,Sortie A-15 Sud,1,Est,2026-03-01 00:00:00-05:00,1550,12.321290322580646
m,det-01725-01,-73.56046209,45.4712685,Le Sud-Ouest,Gaétan-Laberge,Sortie A-15 Sud,1,Est,2026-04-01 00:00:00-04:00,5249,15.144789483711182
m,det-01725-01,-73.56046209,45.4712685,Le Sud-Ouest,Gaétan-Laberge,Sortie A-15 Sud,1,Est,2026-05-01 00:00:00-04:00,21546,14.912234289427271
m,det-01725-01,-73.56046209,45.4712685,Le Sud-Ouest,Gaétan-Laberge,Sortie A-15 Sud,2,Ouest,2025-10-01 00:00:00-04:00,3423,17.531405200116858
m,det-01725-01,-73.56046209,45.4712685,Le Sud-Ouest,Gaétan-Laberge,Sortie A-15 Sud,2,Ouest,2025-11-01 00:00:00-04:00,4648,16.18050774526678
m,det-01725-01,-73.56046209,45.4712685,Le Sud-Ouest,Gaétan-Laberge,Sortie A-15 Sud,2,Ouest,2025-12-01 00:00:00-05:00,1457,12.955387783115992
m,det-01725-01,-73.56046209,45.4712685,Le Sud-Ouest,Gaétan-Laberge,Sortie A-15 Sud,2,Ouest,2026-01-01 00:00:00-05:00,1088,12.514705882352942
m,det-01725-01,-73.56046209,45.4712685,Le Sud-Ouest,Gaétan-Laberge,Sortie A-15 Sud,2,Ouest,2026-02-01 00:00:00-05:00,1455,12.90721649484536
m,det-01725-01,-73.56046209,45.4712685,Le Sud-Ouest,Gaétan-Laberge,Sortie A-15 Sud,2,Ouest,2026-03-01 00:00:00-05:00,1702,13.821974148061104
m,det-01725-01,-73.56046209,45.4712685,Le Sud-Ouest,Gaétan-Laberge,Sortie A-15 Sud,2,Ouest,2026-04-01 00:00:00-04:00,4918,17.034770231801545
m,det-01725-01,-73.56046209,45.4712685,Le Sud-Ouest,Gaétan-Laberge,Sortie A-15 Sud,2,Ouest,2026-05-01 00:00:00-04:00,20874,18.014659384880712
m,det-02047-01,-73.556138,45.512964,Ville-Marie,Berri,de la Gauchetiere,1,Sud,2025-06-01 00:00:00-04:00,51778,24.145622475991733
m,det-02047-01,-73.556138,45.512964,Ville-Marie,Berri,de la Gauchetiere,1,Sud,2025-07-01 00:00:00-04:00,68242,19.63584828233087
m,det-02047-01,-73.556138,45.512964,Ville-Marie,Berri,de la Gauchetiere,1,Sud,2025-08-01 00:00:00-04:00,78692,17.0051237737
m,det-02047-01,-73.556138,45.512964,Ville-Marie,Berri,de la Gauchetiere,1,Sud,2025-09-01 00:00:00-04:00,31330,16.726955855597048
m,det-02047-01,-73.556138,45.512964,Ville-Marie,Berri,de la Gauchetiere,1,Sud,2025-10-01 00:00:00-04:00,38555,17.798933990403317
m,det-02047-01,-73.556138,45.512964,Ville-Marie,Berri,de la Gauchetiere,1,Sud,2025-11-01 00:00:00-04:00,21905,17.3567678612189
m,det-02047-01,-73.556138,45.512964,Ville-Marie,Berri,de la Gauchetiere,1,Sud,2025-12-01 00:00:00-05:00,4231,15.120964311037584
m,det-02047-01,-73.556138,45.512964,Ville-Marie,Berri,de la Gauchetiere,1,Sud,2026-01-01 00:00:00-05:00,3026,15.1075677461996
m,det-02047-01,-73.556138,45.512964,Ville-Marie,Berri,de la Gauchetiere,1,Sud,2026-02-01 00:00:00-05:00,3045,14.10952380952381
m,det-02047-01,-73.556138,45.512964,Ville-Marie,Berri,de la Gauchetiere,1,Sud,2026-03-01 00:00:00-05:00,3014,15.350796284007968
m,det-02047-01,-73.556138,45.512964,Ville-Marie,Berri,de la Gauchetiere,1,Sud,2026-04-01 00:00:00-04:00,9411,16.59182784272051
m,det-02047-01,-73.556138,45.512964,Ville-Marie,Berri,de la Gauchetiere,1,Sud,2026-05-01 00:00:00-04:00,28035,16.91797752808989
m,det-02047-01,-73.556138,45.512964,Ville-Marie,Berri,de la Gauchetiere,2,Nord,2025-06-01 00:00:00-04:00,54035,20.29754567160863
m,det-02047-01,-73.556138,45.512964,Ville-Marie,Berri,de la Gauchetiere,2,Nord,2025-07-01 00:00:00-04:00,66907,11.481127985888968
m,det-02047-01,-73.556138,45.512964,Ville-Marie,Berri,de la Gauchetiere,2,Nord,2025-08-01 00:00:00-04:00,79377,9.875651637124106
m,det-02047-01,-73.556138,45.512964,Ville-Marie,Berri,de la Gauchetiere,2,Nord,2025-09-01 00:00:00-04:00,37173,9.65650875635542
m,det-02047-01,-73.556138,45.512964,Ville-Marie,Berri,de la Gauchetiere,2,Nord,2025-10-01 00:00:00-04:00,37026,8.835934208394102
m,det-02047-01,-73.556138,45.512964,Ville-Marie,Berri,de la Gauchetiere,2,Nord,2025-11-01 00:00:00-04:00,19792,8.54785772029103
m,det-02047-01,-73.556138,45.512964,Ville-Marie,Berri,de la Gauchetiere,2,Nord,2025-12-01 00:00:00-05:00,3939,7.914064483371412
m,det-02047-01,-73.556138,45.512964,Ville-Marie,Berri,de la Gauchetiere,2,Nord,2026-01-01 00:00:00-05:00,3318,7.627606992163954
m,det-02047-01,-73.556138,45.512964,Ville-Marie,Berri,de la Gauchetiere,2,Nord,2026-02-01 00:00:00-05:00,3466,7.943190998268897
m,det-02047-01,-73.556138,45.512964,Ville-Marie,Berri,de la Gauchetiere,2,Nord,2026-03-01 00:00:00-05:00,3363,8.333690157597385
m,det-02047-01,-73.556138,45.512964,Ville-Marie,Berri,de la Gauchetiere,2,Nord,2026-04-01 00:00:00-04:00,8205,8.76338817794028
m,det-02047-01,-73.556138,45.512964,Ville-Marie,Berri,de la Gauchetiere,2,Nord,2026-05-01 00:00:00-04:00,34775,8.786753328923531
m,det-08888-01,-73.647116,45.590608,Montréal-Nord,Henri-Bourassa,Saint-Vital,1,Ouest,2026-02-01 00:00:00-05:00,286,7.262237762237762
m,det-08888-01,-73.647116,45.590608,Montréal-Nord,Henri-Bourassa,Saint-Vital,1,Ouest,2026-03-01 00:00:00-05:00,199,13.462311557788944
m,det-08888-01,-73.647116,45.590608,Montréal-Nord,Henri-Bourassa,Saint-Vital,1,Ouest,2026-04-01 00:00:00-04:00,283,15.2226148409894
m,det-08888-01,-73.647116,45.590608,Montréal-Nord,Henri-Bourassa,Saint-Vital,1,Ouest,2026-05-01 00:00:00-04:00,1014,15.77120315581854
m,det-08888-02,-73.646846,45.590333,Montréal-Nord,Henri-Bourassa,Saint-Vital,1,Est,2026-02-01 00:00:00-05:00,478,4.08315565031983
m,det-08888-02,-73.646846,45.590333,Montréal-Nord,Henri-Bourassa,Saint-Vital,1,Est,2026-03-01 00:00:00-05:00,417,4.184019370460049
m,det-08888-02,-73.646846,45.590333,Montréal-Nord,Henri-Bourassa,Saint-Vital,1,Est,2026-04-01 00:00:00-04:00,325,5.131661442006269
m,det-08888-02,-73.646846,45.590333,Montréal-Nord,Henri-Bourassa,Saint-Vital,1,Est,2026-05-01 00:00:00-04:00,590,5.119170984455959
m,det-09500-01,-73.64629999,45.58138196,Montréal-Nord,Prieur,Saint-Michel,1,Est,2025-11-01 00:00:00-04:00,290,11.596551724137932
m,det-09500-01,-73.64629999,45.58138196,Montréal-Nord,Prieur,Saint-Michel,2,Ouest,2025-11-01 00:00:00-04:00,442,13.33710407239819
m,det-10471-01,-73.62223853,45.6041431,Montréal-Nord,Amos d',Jean-Meunier,2,Est,2025-10-01 00:00:00-04:00,188,
m,det-10471-01,-73.62223853,45.6041431,Montréal-Nord,Amos d',Jean-Meunier,2,Est,2025-11-01 00:00:00-04:00,361,
m,det-10471-01,-73.62223853,45.6041431,Montréal-Nord,Amos d',Jean-Meunier,2,Est,2025-12-01 00:00:00-05:00,305,
m,det-10471-01,-73.62223853,45.6041431,Montréal-Nord,Amos d',Jean-Meunier,2,Est,2026-01-01 00:00:00-05:00,235,
m,det-10471-01,-73.62223853,45.6041431,Montréal-Nord,Amos d',Jean-Meunier,2,Est,2026-02-01 00:00:00-05:00,156,
m,det-10471-01,-73.62223853,45.6041431,Montréal-Nord,Amos d',Jean-Meunier,2,Est,2026-03-01 00:00:00-05:00,156,
m,det-10471-01,-73.62223853,45.6041431,Montréal-Nord,Amos d',Jean-Meunier,2,Est,2026-04-01 00:00:00-04:00,183,
m,det-10471-01,-73.62223853,45.6041431,Montréal-Nord,Amos d',Jean-Meunier,2,Est,2026-05-01 00:00:00-04:00,429,
m,det-13259-02,-73.663422,45.507889,Saint-Laurent,Côte-de-Liesse,Lucerne,1,Sud,2025-10-01 00:00:00-04:00,3495,17.0967095851216
m,det-13259-02,-73.663422,45.507889,Saint-Laurent,Côte-de-Liesse,Lucerne,1,Sud,2025-11-01 00:00:00-04:00,3738,15.390583199571964
m,det-13259-02,-73.663422,45.507889,Saint-Laurent,Côte-de-Liesse,Lucerne,1,Sud,2025-12-01 00:00:00-05:00,1426,12.307854137447404
m,det-13259-02,-73.663422,45.507889,Saint-Laurent,Côte-de-Liesse,Lucerne,1,Sud,2026-01-01 00:00:00-05:00,950,10.678947368421053
m,det-13259-02,-73.663422,45.507889,Saint-Laurent,Côte-de-Liesse,Lucerne,1,Sud,2026-02-01 00:00:00-05:00,961,12.147762747138398
m,det-13259-02,-73.663422,45.507889,Saint-Laurent,Côte-de-Liesse,Lucerne,1,Sud,2026-03-01 00:00:00-05:00,1498,13.483311081441922
m,det-13259-02,-73.663422,45.507889,Saint-Laurent,Côte-de-Liesse,Lucerne,1,Sud,2026-04-01 00:00:00-04:00,1519,15.76958525345622
m,det-13259-02,-73.663422,45.507889,Saint-Laurent,Côte-de-Liesse,Lucerne,1,Sud,2026-05-01 00:00:00-04:00,5813,16.71632547737829
m,det-13259-03,-73.663324,45.508068,Saint-Laurent,Côte-de-Liesse,Lucerne,1,Nord,2025-10-01 00:00:00-04:00,4284,24.15592903828198
m,det-13259-03,-73.663324,45.508068,Saint-Laurent,Côte-de-Liesse,Lucerne,1,Nord,2025-11-01 00:00:00-04:00,4835,22.340020682523267
m,det-13259-03,-73.663324,45.508068,Saint-Laurent,Côte-de-Liesse,Lucerne,1,Nord,2025-12-01 00:00:00-05:00,1372,18.79446064139941
m,det-13259-03,-73.663324,45.508068,Saint-Laurent,Côte-de-Liesse,Lucerne,1,Nord,2026-01-01 00:00:00-05:00,576,18.553819444444443
m,det-17649-01,-73.68651791,45.43582657,Lachine,25 e Avenue,Victoria,1,Sud,2025-10-01 00:00:00-04:00,762,10.452755905511813
m,det-17649-01,-73.68651791,45.43582657,Lachine,25 e Avenue,Victoria,1,Sud,2025-11-01 00:00:00-04:00,830,9.567469879518072
m,det-17649-01,-73.68651791,45.43582657,Lachine,25 e Avenue,Victoria,1,Sud,2025-12-01 00:00:00-05:00,446,8.233183856502242
m,det-17649-01,-73.68651791,45.43582657,Lachine,25 e Avenue,Victoria,1,Sud,2026-01-01 00:00:00-05:00,254,8.12992125984252
m,det-17649-01,-73.68651791,45.43582657,Lachine,25 e Avenue,Victoria,1,Sud,2026-02-01 00:00:00-05:00,368,8.353260869565217
m,det-17649-01,-73.68651791,45.43582657,Lachine,25 e Avenue,Victoria,1,Sud,2026-03-01 00:00:00-05:00,370,8.762162162162163
m,det-17649-01,-73.68651791,45.43582657,Lachine,25 e Avenue,Victoria,1,Sud,2026-04-01 00:00:00-04:00,608,9.460526315789474
m,det-17649-01,-73.68651791,45.43582657,Lachine,25 e Avenue,Victoria,1,Sud,2026-05-01 00:00:00-04:00,1596,10.100250626566416
m,det-17649-01,-73.68651791,45.43582657,Lachine,25 e Avenue,Victoria,2,Nord,2025-10-01 00:00:00-04:00,252,10.996031746031743
m,det-17649-01,-73.68651791,45.43582657,Lachine,25 e Avenue,Victoria,2,Nord,2025-11-01 00:00:00-04:00,617,9.235008103727717
m,det-17649-01,-73.68651791,45.43582657,Lachine,25 e Avenue,Victoria,2,Nord,2025-12-01 00:00:00-05:00,266,8.357142857142858
m,det-17649-01,-73.68651791,45.43582657,Lachine,25 e Avenue,Victoria,2,Nord,2026-01-01 00:00:00-05:00,180,8.105555555555556
m,det-17649-01,-73.68651791,45.43582657,Lachine,25 e Avenue,Victoria,2,Nord,2026-02-01 00:00:00-05:00,227,8.568281938325992
m,det-17649-01,-73.68651791,45.43582657,Lachine,25 e Avenue,Victoria,2,Nord,2026-03-01 00:00:00-05:00,286,9.342657342657343
m,det-17649-01,-73.68651791,45.43582657,Lachine,25 e Avenue,Victoria,2,Nord,2026-04-01 00:00:00-04:00,441,10.6281179138322
m,det-17649-01,-73.68651791,45.43582657,Lachine,25 e Avenue,Victoria,2,Nord,2026-05-01 00:00:00-04:00,1368,10.82748538011696
